Day of Acq Date,index,Acq Time,Latitude,Longitude,Brightness
"December 8, 2019",114014,2310,-30.612,152.148,316.8
"December 8, 2019",114013,2310,-30.609,152.142,315.6
"December 8, 2019",114012,1700,-20.202,127.814,312.6
"December 8, 2019",114011,1700,-20.203,127.825,339.6
"December 8, 2019",114010,1700,-34.412,117.814,304.8
"December 8, 2019",114009,1700,-20.194,127.826,310.7
"December 8, 2019",114008,1700,-34.425,117.825,317.5
"December 8, 2019",114007,1700,-34.421,117.821,322.9
"December 8, 2019",114006,1700,-28.331,125.445,311.8
"December 8, 2019",114005,1700,-28.33,125.434,308.4
"December 8, 2019",114004,1700,-28.209,125.571,302.9
"December 8, 2019",114003,1700,-26.994,125.946,305.8
"December 8, 2019",114002,1700,-27.784,126.609,305.4
"December 8, 2019",114001,1700,-26.649,126.182,305.3
"December 8, 2019",114000,1700,-18.645,123.442,311.4
"December 8, 2019",113999,1700,-19.175,124.488,312.4
"December 8, 2019",113998,1700,-24.325,125.311,309
"December 8, 2019",113997,1700,-30.891,120.17,306.2
"December 8, 2019",113996,1700,-18.642,123.438,311.2
"December 8, 2019",113995,1700,-24.324,125.301,308.5
"December 8, 2019",113994,1655,-11.418,130.543,322.4
"December 8, 2019",113993,1655,-11.428,130.541,307
"December 8, 2019",113992,1655,-11.406,130.54,307.8
"December 8, 2019",113991,1655,-11.406,130.533,316.6
"December 8, 2019",113990,1655,-11.436,130.529,312.7
"December 8, 2019",113989,1655,-11.405,130.529,312.7
"December 8, 2019",113988,1655,-11.416,130.531,325.9
"December 8, 2019",113987,1655,-18.285,124.102,313.8
"December 8, 2019",113986,1655,-18.283,124.092,326.8
"December 8, 2019",113985,1655,-18.282,124.081,319.7
"December 8, 2019",113984,1655,-18.271,124.072,312.4
"December 8, 2019",113983,1655,-16.014,130.875,308.9
"December 8, 2019",113982,1655,-16.016,130.888,320.9
"December 8, 2019",113981,1655,-18.221,124.187,312.5
"December 8, 2019",113980,1655,-18.28,124.071,311.2
"December 8, 2019",113979,1655,-16.368,128.396,321.8
"December 8, 2019",113978,1655,-16.38,128.415,316
"December 8, 2019",113977,1655,-15.688,124.565,309.8
"December 8, 2019",113976,1655,-16.388,128.403,319
"December 8, 2019",113975,1655,-16.518,128.087,310.2
"December 8, 2019",113974,1655,-16.068,128.958,308.2
"December 8, 2019",113973,1655,-16.391,128.424,310.5
"December 8, 2019",113972,1655,-15.684,124.562,308.3
"December 8, 2019",113971,1655,-12.366,133.273,300.3
"December 8, 2019",113970,1655,-16.389,128.413,337.9
"December 8, 2019",113969,1655,-16.361,128.418,333.5
"December 8, 2019",113968,1655,-16.603,128.038,313
"December 8, 2019",113967,1655,-16.685,127.96,313.5
"December 8, 2019",113966,1525,-40.999,147.055,326.2
"December 8, 2019",113965,1525,-37.435,147.982,304.1
"December 8, 2019",113964,1525,-37.344,147.919,309.1
"December 8, 2019",113963,1525,-37.341,147.969,320.7
"December 8, 2019",113962,1525,-37.332,147.971,313.4
"December 8, 2019",113961,1525,-37.33,147.959,322.5
"December 8, 2019",113960,1525,-37.319,147.948,314.2
"December 8, 2019",113959,1525,-42.14,147.974,326.9
"December 8, 2019",113958,1525,-42.138,147.959,319
"December 8, 2019",113957,1525,-33.265,150.217,308.7
"December 8, 2019",113956,1525,-37.468,147.612,303.5
"December 8, 2019",113955,1525,-37.466,147.6,309.9
"December 8, 2019",113954,1525,-37.457,147.602,310.7
"December 8, 2019",113953,1525,-34.034,149.958,313.6
"December 8, 2019",113952,1525,-34.032,149.945,302.5
"December 8, 2019",113951,1525,-34.023,149.947,310.5
"December 8, 2019",113950,1525,-34.021,149.934,336.3
"December 8, 2019",113949,1525,-34.02,149.921,325.6
"December 8, 2019",113948,1525,-34.018,149.909,314.6
"December 8, 2019",113947,1525,-34.016,149.896,312.2
"December 8, 2019",113946,1525,-37.409,148.302,305.8
"December 8, 2019",113945,1525,-37.407,148.289,312
"December 8, 2019",113944,1525,-37.404,148.308,300.1
"December 8, 2019",113943,1525,-37.473,147.648,302.1
"December 8, 2019",113942,1525,-37.471,147.636,305.9
"December 8, 2019",113941,1525,-33.296,150.225,304.2
"December 8, 2019",113940,1525,-33.255,150.219,310.8
"December 8, 2019",113939,1525,-30.894,120.181,301.4
"December 8, 2019",113938,1525,-34.42,117.806,346
"December 8, 2019",113937,1525,-37.437,147.995,308
"December 8, 2019",113936,1525,-34.416,117.791,308.3
"December 8, 2019",113935,1525,-34.412,117.809,323.3
"December 8, 2019",113934,1525,-34.416,117.824,304.7
"December 8, 2019",113933,1525,-34.424,117.813,334
"December 8, 2019",113932,1520,-29.874,153.103,304.6
"December 8, 2019",113931,1520,-32.814,151.14,305.2
"December 8, 2019",113930,1520,-32.815,151.132,301.7
"December 8, 2019",113929,1520,-32.344,150.159,304.7
"December 8, 2019",113928,1520,-32.079,151.35,309.5
"December 8, 2019",113927,1520,-32.068,151.338,301.9
"December 8, 2019",113926,1520,-32.884,150.274,319.9
"December 8, 2019",113925,1520,-32.885,150.287,324.3
"December 8, 2019",113924,1520,-32.897,150.279,307.3
"December 8, 2019",113923,1520,-29.641,152.632,302.8
"December 8, 2019",113922,1520,-14.618,141.931,304
"December 8, 2019",113921,1520,-14.614,141.94,303.7
"December 8, 2019",113920,1520,-32.857,150.382,313.2
"December 8, 2019",113919,1520,-32.689,150.5,322.2
"December 8, 2019",113918,1520,-32.682,150.528,306.2
"December 8, 2019",113917,1520,-32.68,150.515,318.5
"December 8, 2019",113916,1520,-32.679,150.502,343.6
"December 8, 2019",113915,1520,-32.854,150.356,327.4
"December 8, 2019",113914,1520,-32.852,150.343,361.5
"December 8, 2019",113913,1520,-32.826,150.374,302
"December 8, 2019",113912,1520,-30.132,150.85,305.7
"December 8, 2019",113911,1520,-32.63,150.344,304.6
"December 8, 2019",113910,1520,-32.628,150.338,310.8
"December 8, 2019",113909,1520,-30.115,150.885,308.1
"December 8, 2019",113908,1520,-30.14,150.837,305.9
"December 8, 2019",113907,1520,-30.171,150.844,305.3
"December 8, 2019",113906,1520,-30.169,150.832,307
"December 8, 2019",113905,1520,-32.704,150.46,308.3
"December 8, 2019",113904,1520,-32.795,150.373,316.5
"December 8, 2019",113903,1520,-32.794,150.36,344.3
"December 8, 2019",113902,1520,-32.792,150.348,310.9
"December 8, 2019",113901,1520,-32.781,150.337,309
"December 8, 2019",113900,1520,-33.287,151.206,305.6
"December 8, 2019",113899,1520,-33.277,151.208,316.6
"December 8, 2019",113898,1520,-33.282,151.214,309.8
"December 8, 2019",113897,1520,-33.28,151.2,317.2
"December 8, 2019",113896,1520,-33.21,151.139,300
"December 8, 2019",113895,1520,-32.84,151.094,300.2
"December 8, 2019",113894,1520,-26.767,147.439,326.9
"December 8, 2019",113893,1520,-26.789,147.457,308.7
"December 8, 2019",113892,1520,-29.258,144.976,305.4
"December 8, 2019",113891,1520,-18.383,144.586,325.1
"December 8, 2019",113890,1520,-18.395,144.721,304.4
"December 8, 2019",113889,1520,-18.388,144.709,303.1
"December 8, 2019",113888,1520,-18.387,144.605,316.7
"December 8, 2019",113887,1520,-25.07,149.178,323.1
"December 8, 2019",113886,1520,-25.067,149.28,320.6
"December 8, 2019",113885,1520,-32.592,150.293,313.9
"December 8, 2019",113884,1520,-24.948,149.344,306.4
"December 8, 2019",113883,1520,-26.769,147.45,313.8
"December 8, 2019",113882,1520,-32.926,150.274,303.1
"December 8, 2019",113881,1520,-25.149,149.279,323.2
"December 8, 2019",113880,1520,-25.153,149.309,328.3
"December 8, 2019",113879,1520,-25.158,149.278,329.7
"December 8, 2019",113878,1520,-25.159,149.287,331.2
"December 8, 2019",113877,1520,-25.15,149.289,327.7
"December 8, 2019",113876,1520,-25.142,149.287,319.3
"December 8, 2019",113875,1520,-30.194,150.082,307.2
"December 8, 2019",113874,1520,-24.994,149.228,309.9
"December 8, 2019",113873,1520,-25.076,149.278,317.2
"December 8, 2019",113872,1520,-25.112,149.272,319.7
"December 8, 2019",113871,1520,-26.786,147.436,322.4
"December 8, 2019",113870,1520,-24.984,149.28,316.7
"December 8, 2019",113869,1520,-21.7,145.674,313.2
"December 8, 2019",113868,1520,-25.038,149.21,383.1
"December 8, 2019",113867,1520,-25.063,149.19,314.2
"December 8, 2019",113866,1520,-26.787,147.446,340.1
"December 8, 2019",113865,1520,-24.958,149.352,309.7
"December 8, 2019",113864,1520,-30.003,150.652,302
"December 8, 2019",113863,1520,-25.068,149.29,315.2
"December 8, 2019",113862,1520,-21.708,145.658,320.5
"December 8, 2019",113861,1520,-25.167,149.276,319.1
"December 8, 2019",113860,1520,-25.005,149.236,312.9
"December 8, 2019",113859,1520,-29.257,144.969,304.2
"December 8, 2019",113858,1520,-18.381,144.592,330.8
"December 8, 2019",113857,1520,-18.378,144.627,320.2
"December 8, 2019",113856,1520,-21.694,145.666,318.1
"December 8, 2019",113855,1520,-24.982,149.27,318.5
"December 8, 2019",113854,1520,-21.697,145.66,322
"December 8, 2019",113853,1520,-16.477,141.598,307.7
"December 8, 2019",113852,1520,-25.078,149.167,344.7
"December 8, 2019",113851,1520,-26.776,147.438,330.6
"December 8, 2019",113850,1520,-25.145,149.307,324
"December 8, 2019",113849,1520,-25.152,149.299,340.4
"December 8, 2019",113848,1520,-25.157,149.268,316.8
"December 8, 2019",113847,1520,-25.161,149.297,336.5
"December 8, 2019",113846,1520,-25.143,149.297,324.9
"December 8, 2019",113845,1520,-25.046,149.203,348.1
"December 8, 2019",113844,1520,-25.029,149.212,334.8
"December 8, 2019",113843,1520,-30.185,150.084,314.7
"December 8, 2019",113842,1520,-24.993,149.279,308.7
"December 8, 2019",113841,1520,-24.99,149.259,314.8
"December 8, 2019",113840,1520,-24.991,149.269,307.9
"December 8, 2019",113839,1520,-24.955,149.332,344.2
"December 8, 2019",113838,1520,-26.778,147.448,326.3
"December 8, 2019",113837,1520,-24.957,149.342,325
"December 8, 2019",113836,1520,-25.079,149.177,378.2
"December 8, 2019",113835,1520,-25.036,149.2,363.5
"December 8, 2019",113834,1520,-25.045,149.193,321.1
"December 8, 2019",113833,1520,-25.054,149.191,327.5
"December 8, 2019",113832,1520,-25.088,149.175,320.1
"December 8, 2019",113831,1520,-21.683,145.668,315.3
"December 8, 2019",113830,1520,-21.705,145.664,327.1
"December 8, 2019",113829,1520,-25.162,149.307,313.3
"December 8, 2019",113828,1520,-21.719,145.656,311
"December 8, 2019",113827,1520,-21.711,145.672,311.6
"December 8, 2019",113826,1520,-24.946,149.334,324.7
"December 8, 2019",113825,1520,-24.486,145.431,308
"December 8, 2019",113824,1520,-28.827,150.913,321
"December 8, 2019",113823,1520,-29.423,152.546,307.6
"December 8, 2019",113822,1520,-25.336,151.692,305
"December 8, 2019",113821,1520,-30.353,150.839,320.3
"December 8, 2019",113820,1520,-25.276,151.306,308.6
"December 8, 2019",113819,1520,-30.363,150.837,313.9
"December 8, 2019",113818,1520,-24.226,150.927,303
"December 8, 2019",113817,1520,-24.499,151.45,304.3
"December 8, 2019",113816,1520,-18.326,144.502,314.7
"December 8, 2019",113815,1520,-25.328,151.705,304.3
"December 8, 2019",113814,1520,-25.326,151.693,309.7
"December 8, 2019",113813,1520,-28.829,150.925,311.3
"December 8, 2019",113812,1355,-11.411,130.524,328
"December 8, 2019",113811,1355,-11.42,130.525,319.9
"December 8, 2019",113810,1355,-11.409,130.533,319.3
"December 8, 2019",113809,1355,-11.418,130.534,330.2
"December 8, 2019",113808,1355,-11.427,130.536,315.3
"December 8, 2019",113807,1355,-11.426,130.545,331.1
"December 8, 2019",113806,1355,-11.425,130.554,306.8
"December 8, 2019",113805,1355,-11.438,130.528,320.7
"December 8, 2019",113804,1350,-15.684,124.552,316
"December 8, 2019",113803,1350,-15.772,124.461,309.4
"December 8, 2019",113802,1350,-26.153,127.706,335.4
"December 8, 2019",113801,1350,-26.134,127.717,311.4
"December 8, 2019",113800,1350,-15.694,124.56,335.8
"December 8, 2019",113799,1350,-26.136,127.698,336.1
"December 8, 2019",113798,1350,-16.809,137.506,306.9
"December 8, 2019",113797,1350,-16.795,127.811,318.1
"December 8, 2019",113796,1350,-17.484,142.561,320
"December 8, 2019",113795,1350,-15.769,124.483,337
"December 8, 2019",113794,1350,-15.695,124.574,308
"December 8, 2019",113793,1350,-15.732,124.457,308.5
"December 8, 2019",113792,1350,-17.484,142.554,325.2
"December 8, 2019",113791,1350,-15.756,124.482,317.4
"December 8, 2019",113790,1350,-15.767,124.506,334.4
"December 8, 2019",113789,1350,-26.148,127.7,351
"December 8, 2019",113788,1350,-16.797,127.799,334.8
"December 8, 2019",113787,1350,-26.154,127.687,320.1
"December 8, 2019",113786,1350,-26.146,127.718,327.5
"December 8, 2019",113785,1350,-16.812,137.488,310.1
"December 8, 2019",113784,1350,-15.697,124.554,319.6
"December 8, 2019",113783,1350,-20.195,127.822,308.4
"December 8, 2019",113782,1350,-15.73,124.479,305.5
"December 8, 2019",113781,1350,-27.259,125.932,304.7
"December 8, 2019",113780,1350,-12.892,133.84,309.3
"December 8, 2019",113779,1350,-18.283,124.08,316.2
"December 8, 2019",113778,1350,-27.582,122.783,327.1
"December 8, 2019",113777,1350,-27.581,122.776,326.8
"December 8, 2019",113776,1350,-12.902,133.842,308.8
"December 8, 2019",113775,1350,-12.9,133.853,307.3
"December 8, 2019",113774,1350,-12.881,133.844,311.1
"December 8, 2019",113773,1350,-12.88,133.85,314.7
"December 8, 2019",113772,1350,-18.278,124.073,316.5
"December 8, 2019",113771,1350,-12.89,133.852,313
"December 8, 2019",113770,1350,-12.768,134.681,308.1
"December 8, 2019",113769,1350,-12.323,136.809,305.2
"December 8, 2019",113768,1345,-40.993,147.039,325.4
"December 8, 2019",113767,1345,-41.006,147.044,342.6
"December 8, 2019",113766,1345,-41,147.071,339.1
"December 8, 2019",113765,1345,-41.007,147.02,300.5
"December 8, 2019",113764,1345,-41.001,147.047,366.7
"December 8, 2019",113763,1345,-35.841,137.118,307.4
"December 8, 2019",113762,1210,-25.15,149.304,347.9
"December 8, 2019",113761,1210,-25.038,149.204,317.8
"December 8, 2019",113760,1210,-25.168,149.276,346.7
"December 8, 2019",113759,1210,-26.773,147.428,325.3
"December 8, 2019",113758,1210,-25.087,149.171,335.3
"December 8, 2019",113757,1210,-24.99,149.249,306
"December 8, 2019",113756,1210,-25.085,149.178,340.8
"December 8, 2019",113755,1210,-26.792,147.436,327.4
"December 8, 2019",113754,1210,-24.967,149.338,307.5
"December 8, 2019",113753,1210,-24.953,149.331,313.7
"December 8, 2019",113752,1210,-25.157,149.219,314.9
"December 8, 2019",113751,1210,-25.152,149.279,352.3
"December 8, 2019",113750,1210,-25.156,149.245,323.1
"December 8, 2019",113749,1210,-25.138,149.273,325.6
"December 8, 2019",113748,1210,-25.153,149.274,353.5
"December 8, 2019",113747,1210,-25.122,149.276,324
"December 8, 2019",113746,1210,-26.775,147.435,328.7
"December 8, 2019",113745,1210,-25.149,149.309,335.9
"December 8, 2019",113744,1210,-25.167,149.281,356.4
"December 8, 2019",113743,1210,-25.053,149.206,319.8
"December 8, 2019",113742,1210,-24.952,149.336,313.3
"December 8, 2019",113741,1210,-25.171,149.246,324.1
"December 8, 2019",113740,1210,-25.165,149.305,319.9
"December 8, 2019",113739,1210,-25.123,149.272,325.8
"December 8, 2019",113738,1210,-25.054,149.198,321.7
"December 8, 2019",113737,1210,-26.79,147.429,328
"December 8, 2019",113736,1210,-25.137,149.278,323.5
"December 8, 2019",113735,1210,-25.164,149.31,317.8
"December 8, 2019",113734,1210,-25.154,149.249,328.8
"December 8, 2019",113733,1210,-25.169,149.251,328.9
"December 8, 2019",113732,1210,-25.139,149.248,320.1
"December 8, 2019",113731,1210,-25.088,149.146,316
"December 8, 2019",113730,1210,-32.063,151.324,304.8
"December 8, 2019",113729,1210,-32.067,151.33,308.7
"December 8, 2019",113728,1210,-32.602,150.295,303.3
"December 8, 2019",113727,1210,-32.6,150.3,302.2
"December 8, 2019",113726,1210,-30.121,150.849,311.1
"December 8, 2019",113725,1210,-30.124,150.857,316.6
"December 8, 2019",113724,1210,-30.135,150.851,313.9
"December 8, 2019",113723,1210,-30.138,150.859,307.5
"December 8, 2019",113722,1210,-30.119,150.878,310.3
"December 8, 2019",113721,1210,-33.284,151.196,300.4
"December 8, 2019",113720,1210,-32.813,150.908,302.6
"December 8, 2019",113719,1210,-32.811,150.939,301.4
"December 8, 2019",113718,1210,-32.814,150.915,305
"December 8, 2019",113717,1210,-25.334,151.694,312.8
"December 8, 2019",113716,1210,-24.505,151.439,302.9
"December 8, 2019",113715,1210,-25.282,151.303,321.6
"December 8, 2019",113714,1210,-25.295,151.305,328.4
"December 8, 2019",113713,1210,-32.409,152.103,303.4
"December 8, 2019",113712,1210,-24.232,150.933,302.1
"December 8, 2019",113711,1210,-28.84,150.927,313.7
"December 8, 2019",113710,1210,-28.842,150.901,307.2
"December 8, 2019",113709,1210,-25.309,151.291,318
"December 8, 2019",113708,1210,-28.828,150.899,318.2
"December 8, 2019",113707,1210,-28.814,150.898,307.3
"December 8, 2019",113706,1210,-25.31,151.285,318.1
"December 8, 2019",113705,1210,-25.308,151.307,316.3
"December 8, 2019",113704,1210,-30.363,150.838,319.1
"December 8, 2019",113703,1210,-28.826,150.925,317.1
"December 8, 2019",113702,605,-16.767,123.877,334
"December 8, 2019",113701,605,-23.897,118.709,347.2
"December 8, 2019",113700,605,-23.888,118.707,366.5
"December 8, 2019",113699,605,-23.876,118.716,344
"December 8, 2019",113698,605,-23.878,118.705,354.2
"December 8, 2019",113697,605,-17.633,122.714,340.9
"December 8, 2019",113696,605,-17.723,122.745,336.3
"December 8, 2019",113695,605,-16.799,123.884,331.9
"December 8, 2019",113694,605,-16.754,123.903,333.8
"December 8, 2019",113693,605,-16.775,123.874,333.6
"December 8, 2019",113692,605,-17.614,122.736,330.4
"December 8, 2019",113691,605,-18.652,123.429,338.8
"December 8, 2019",113690,605,-23.91,118.688,342.2
"December 8, 2019",113689,605,-17.722,122.74,338.6
"December 8, 2019",113688,605,-20.267,123.251,399.3
"December 8, 2019",113687,605,-20.281,123.254,362
"December 8, 2019",113686,605,-17.707,122.737,351.5
"December 8, 2019",113685,605,-20.272,123.259,403.3
"December 8, 2019",113684,605,-17.709,122.742,352.1
"December 8, 2019",113683,605,-16.76,123.871,329.4
"December 8, 2019",113682,605,-17.636,122.722,342.7
"December 8, 2019",113681,605,-17.629,122.74,342.6
"December 8, 2019",113680,605,-21.279,119.242,342.8
"December 8, 2019",113679,605,-15.756,124.434,324.6
"December 8, 2019",113678,605,-21.269,119.24,385
"December 8, 2019",113677,605,-21.267,119.253,390.7
"December 8, 2019",113676,605,-15.746,124.466,343.8
"December 8, 2019",113675,605,-15.748,124.471,343
"December 8, 2019",113674,600,-33.046,123.675,336.2
"December 8, 2019",113673,600,-33.098,123.643,366.8
"December 8, 2019",113672,600,-33.021,123.685,349
"December 8, 2019",113671,600,-33.007,123.698,354
"December 8, 2019",113670,600,-32.959,123.577,335.9
"December 8, 2019",113669,600,-27.077,127.984,335.1
"December 8, 2019",113668,600,-33.084,123.656,343.4
"December 8, 2019",113667,600,-33.095,123.654,344.2
"December 8, 2019",113666,600,-33.098,123.638,350.5
"December 8, 2019",113665,600,-33.081,123.667,350.6
"December 8, 2019",113664,600,-33.084,123.651,335.7
"December 8, 2019",113663,600,-33.07,123.664,359.1
"December 8, 2019",113662,600,-33.081,123.673,335.2
"December 8, 2019",113661,600,-33.01,123.682,406.4
"December 8, 2019",113660,600,-32.374,120.11,417.8
"December 8, 2019",113659,600,-32.376,120.099,356.9
"December 8, 2019",113658,600,-32.379,120.076,369.6
"December 8, 2019",113657,600,-32.381,120.065,419.5
"December 8, 2019",113656,600,-32.361,120.13,332
"December 8, 2019",113655,600,-32.435,120.306,360
"December 8, 2019",113654,600,-32.437,120.294,386
"December 8, 2019",113653,600,-32.438,120.283,387.6
"December 8, 2019",113652,600,-32.44,120.271,372.4
"December 8, 2019",113651,600,-32.442,120.26,370.4
"December 8, 2019",113650,600,-32.444,120.249,350.1
"December 8, 2019",113649,600,-32.446,120.237,338.1
"December 8, 2019",113648,600,-32.447,120.226,345.2
"December 8, 2019",113647,600,-32.449,120.214,352.9
"December 8, 2019",113646,600,-32.451,120.203,357.2
"December 8, 2019",113645,600,-32.453,120.192,368.2
"December 8, 2019",113644,600,-32.455,120.18,384.1
"December 8, 2019",113643,600,-32.427,120.292,404
"December 8, 2019",113642,600,-32.97,120.7,352.2
"December 8, 2019",113641,600,-32.958,120.709,402.4
"December 8, 2019",113640,600,-32.954,120.702,345.4
"December 8, 2019",113639,600,-32.96,120.697,345.6
"December 8, 2019",113638,600,-32.429,120.281,394.1
"December 8, 2019",113637,600,-32.431,120.269,372.7
"December 8, 2019",113636,600,-32.434,120.247,359.3
"December 8, 2019",113635,600,-32.436,120.235,358.3
"December 8, 2019",113634,600,-32.438,120.224,384.3
"December 8, 2019",113633,600,-32.44,120.212,387.9
"December 8, 2019",113632,600,-32.442,120.201,359.1
"December 8, 2019",113631,600,-32.445,120.178,355.5
"December 8, 2019",113630,600,-32.416,120.301,362.4
"December 8, 2019",113629,600,-32.418,120.29,449.3
"December 8, 2019",113628,600,-32.425,120.244,371
"December 8, 2019",113627,600,-32.427,120.233,420.5
"December 8, 2019",113626,600,-33.481,119.439,366.7
"December 8, 2019",113625,600,-32.973,123.564,338.3
"December 8, 2019",113624,600,-32.97,123.58,398.3
"December 8, 2019",113623,600,-32.975,123.615,337.2
"December 8, 2019",113622,600,-32.339,120.032,337.9
"December 8, 2019",113621,600,-32.34,120.021,369.8
"December 8, 2019",113620,600,-30.889,120.164,356.9
"December 8, 2019",113619,600,-30.887,120.176,372.7
"December 8, 2019",113618,600,-32.342,120.01,343.7
"December 8, 2019",113617,600,-30.899,120.166,403.1
"December 8, 2019",113616,600,-30.897,120.178,426.2
"December 8, 2019",113615,600,-30.895,120.19,340.7
"December 8, 2019",113614,600,-30.908,120.169,374.5
"December 8, 2019",113613,600,-30.906,120.18,396
"December 8, 2019",113612,600,-33.009,120.819,356.1
"December 8, 2019",113611,600,-33.011,120.807,355.1
"December 8, 2019",113610,600,-32.974,120.971,355.1
"December 8, 2019",113609,600,-32.976,120.959,342.9
"December 8, 2019",113608,600,-32.999,120.816,338.9
"December 8, 2019",113607,600,-32.963,120.919,371
"December 8, 2019",113606,600,-32.965,120.907,342.2
"December 8, 2019",113605,600,-32.973,120.859,351.4
"December 8, 2019",113604,600,-32.975,120.847,334.1
"December 8, 2019",113603,600,-32.958,120.893,334.7
"December 8, 2019",113602,600,-32.961,120.869,342.3
"December 8, 2019",113601,600,-32.963,120.857,369.3
"December 8, 2019",113600,600,-32.946,120.902,379.4
"December 8, 2019",113599,600,-32.948,120.89,355.7
"December 8, 2019",113598,600,-32.958,120.831,336.1
"December 8, 2019",113597,600,-32.937,120.9,433
"December 8, 2019",113596,600,-32.939,120.888,398.4
"December 8, 2019",113595,600,-32.941,120.876,365
"December 8, 2019",113594,600,-32.929,120.886,389.5
"December 8, 2019",113593,600,-32.931,120.874,372.4
"December 8, 2019",113592,600,-30.693,119.873,341
"December 8, 2019",113591,600,-30.687,119.877,349
"December 8, 2019",113590,600,-30.689,119.866,340.7
"December 8, 2019",113589,600,-30.666,119.884,336.5
"December 8, 2019",113588,600,-30.904,120.192,342.7
"December 8, 2019",113587,600,-30.903,120.203,357.4
"December 8, 2019",113586,600,-33.07,123.546,353.8
"December 8, 2019",113585,600,-33.088,123.568,336
"December 8, 2019",113584,600,-32.451,120.262,339.4
"December 8, 2019",113583,600,-32.449,120.273,352.8
"December 8, 2019",113582,600,-32.448,120.285,365.9
"December 8, 2019",113581,600,-32.493,119.875,370.7
"December 8, 2019",113580,600,-32.506,119.729,353
"December 8, 2019",113579,600,-32.495,119.738,379.6
"December 8, 2019",113578,600,-32.446,120.296,355
"December 8, 2019",113577,600,-32.463,120.312,376.6
"December 8, 2019",113576,600,-32.461,120.323,358.3
"December 8, 2019",113575,600,-32.469,120.308,372.7
"December 8, 2019",113574,600,-32.467,120.32,402.4
"December 8, 2019",113573,600,-32.486,120.265,350.7
"December 8, 2019",113572,600,-32.443,119.79,340.3
"December 8, 2019",113571,600,-32.418,119.83,347.2
"December 8, 2019",113570,600,-32.42,119.819,340.5
"December 8, 2019",113569,600,-32.428,119.764,340.8
"December 8, 2019",113568,600,-32.43,119.753,337.8
"December 8, 2019",113567,600,-32.404,119.862,349.3
"December 8, 2019",113566,600,-32.484,120.276,344.3
"December 8, 2019",113565,600,-32.499,120.244,371.5
"December 8, 2019",113564,600,-32.888,120.747,334.3
"December 8, 2019",113563,600,-30.15,120.228,360.6
"December 8, 2019",113562,600,-30.181,120.163,338.3
"December 8, 2019",113561,600,-30.179,120.174,346.5
"December 8, 2019",113560,600,-30.169,120.233,343.2
"December 8, 2019",113559,600,-30.167,120.244,338.8
"December 8, 2019",113558,600,-30.183,120.169,358.6
"December 8, 2019",113557,600,-30.171,120.239,352.1
"December 8, 2019",113556,600,-30.036,118.598,350.8
"December 8, 2019",113555,600,-30.035,118.608,426.4
"December 8, 2019",113554,600,-32.765,120.429,333
"December 8, 2019",113553,600,-32.754,120.438,336.3
"December 8, 2019",113552,600,-32.755,120.427,341.1
"December 8, 2019",113551,600,-32.968,120.711,383
"December 8, 2019",113550,600,-32.896,120.761,340.7
"December 8, 2019",113549,600,-32.443,120.131,344.5
"December 8, 2019",113548,600,-32.472,119.951,341.5
"December 8, 2019",113547,600,-32.393,120.114,341.7
"December 8, 2019",113546,600,-30.033,118.619,393.7
"December 8, 2019",113545,600,-30.045,118.6,360
"December 8, 2019",113544,600,-30.044,118.61,383.4
"December 8, 2019",113543,600,-30.042,118.621,341.2
"December 8, 2019",113542,600,-32.394,120.103,340.5
"December 8, 2019",113541,600,-32.382,120.123,368.2
"December 8, 2019",113540,600,-32.383,120.112,421.6
"December 8, 2019",113539,600,-32.385,120.101,416.1
"December 8, 2019",113538,600,-32.391,120.067,360.8
"December 8, 2019",113537,600,-32.371,120.133,358.6
"December 8, 2019",113536,600,-32.372,120.121,361
"December 8, 2019",113535,600,-32.935,120.697,333.8
"December 8, 2019",113534,600,-33.099,123.576,345.2
"December 8, 2019",113533,600,-32.433,120.317,362.7
"December 8, 2019",113532,600,-32.464,120.182,348.7
"December 8, 2019",113531,600,-32.462,120.194,341.5
"December 8, 2019",113530,600,-32.453,120.251,340.6
"December 8, 2019",113529,600,-32.429,120.222,373.3
"December 8, 2019",113528,600,-32.431,120.21,344.8
"December 8, 2019",113527,600,-32.441,120.142,343.5
"December 8, 2019",113526,600,-32.427,120.174,372.1
"December 8, 2019",113525,600,-32.429,120.163,378.8
"December 8, 2019",113524,600,-32.43,120.152,346.8
"December 8, 2019",113523,600,-32.416,120.183,339.6
"December 8, 2019",113522,600,-32.417,120.172,409.9
"December 8, 2019",113521,600,-32.419,120.161,378.7
"December 8, 2019",113520,600,-32.421,120.149,343.6
"December 8, 2019",113519,600,-32.408,120.17,350.6
"December 8, 2019",113518,600,-32.377,120.216,351.6
"December 8, 2019",113517,600,-32.364,120.237,352
"December 8, 2019",113516,600,-32.367,120.214,328.5
"December 8, 2019",113515,600,-32.365,120.166,334.5
"December 8, 2019",113514,600,-32.367,120.155,364.2
"December 8, 2019",113513,600,-32.369,120.144,351.7
"December 8, 2019",113512,600,-32.356,120.164,325
"December 8, 2019",113511,600,-32.358,120.153,416.7
"December 8, 2019",113510,600,-32.36,120.142,383.2
"December 8, 2019",113509,600,-33.099,123.571,352.7
"December 8, 2019",113508,600,-33.102,123.56,337.5
"December 8, 2019",113507,600,-34.408,117.844,339.1
"December 8, 2019",113506,600,-34.429,117.825,350.4
"December 8, 2019",113505,600,-34.399,117.842,332.5
"December 8, 2019",113504,600,-34.415,117.857,331.9
"December 8, 2019",113503,600,-34.417,117.846,340.8
"December 8, 2019",113502,600,-34.436,117.838,405.7
"December 8, 2019",113501,600,-34.403,117.809,423.5
"December 8, 2019",113500,600,-34.401,117.82,380.2
"December 8, 2019",113499,600,-26.247,127.674,341
"December 8, 2019",113498,600,-26.261,127.644,385.2
"December 8, 2019",113497,600,-26.236,127.679,335.4
"December 8, 2019",113496,600,-26.265,127.596,377.1
"December 8, 2019",113495,600,-34.438,117.827,387.6
"December 8, 2019",113494,600,-34.404,117.798,345.8
"December 8, 2019",113493,600,-26.215,127.665,339.1
"December 8, 2019",113492,600,-26.286,127.61,395.5
"December 8, 2019",113491,600,-26.253,127.6,380.7
"December 8, 2019",113490,600,-34.188,116.642,321.6
"December 8, 2019",113489,600,-26.289,127.616,395.4
"December 8, 2019",113488,600,-26.28,127.655,380.9
"December 8, 2019",113487,600,-34.447,117.829,337.7
"December 8, 2019",113486,600,-26.256,127.635,353.8
"December 8, 2019",113485,600,-26.277,127.649,405.2
"December 8, 2019",113484,600,-26.27,127.605,362
"December 8, 2019",113483,600,-26.219,127.674,337.4
"December 8, 2019",113482,600,-34.4,117.831,334.3
"December 8, 2019",113481,600,-34.446,117.84,327
"December 8, 2019",113480,600,-34.427,117.836,356.7
"December 8, 2019",113479,600,-34.397,117.802,381.1
"December 8, 2019",113478,600,-26.245,127.64,344.5
"December 8, 2019",113477,600,-34.435,117.849,352
"December 8, 2019",113476,600,-34.449,117.818,339.8
"December 8, 2019",113475,600,-34.395,117.813,392.8
"December 8, 2019",113474,430,-11.355,131.172,323.8
"December 8, 2019",113473,430,-10.845,142.467,331.4
"December 8, 2019",113472,430,-12.093,133.7,336.3
"December 8, 2019",113471,430,-11.791,132.868,328
"December 8, 2019",113470,430,-10.913,142.411,321.5
"December 8, 2019",113469,430,-11.359,131.165,322.5
"December 8, 2019",113468,430,-10.915,142.397,324.2
"December 8, 2019",113467,430,-11.786,132.872,333
"December 8, 2019",113466,430,-12.048,132.877,332.1
"December 8, 2019",113465,430,-11.41,130.531,325.9
"December 8, 2019",113464,430,-11.429,130.541,331.2
"December 8, 2019",113463,430,-11.424,130.533,329.7
"December 8, 2019",113462,430,-12.491,131.253,331.6
"December 8, 2019",113461,430,-11.415,130.539,329.7
"December 8, 2019",113460,425,-15.426,144.624,342.8
"December 8, 2019",113459,425,-15.453,144.611,392.3
"December 8, 2019",113458,425,-15.456,144.594,365.2
"December 8, 2019",113457,425,-15.429,144.607,379.2
"December 8, 2019",113456,425,-15.459,144.647,342.2
"December 8, 2019",113455,425,-15.465,144.613,359.1
"December 8, 2019",113454,425,-15.471,144.649,342.7
"December 8, 2019",113453,425,-15.432,144.589,346.3
"December 8, 2019",113452,425,-15.732,142.297,349.6
"December 8, 2019",113451,425,-15.742,142.298,334.2
"December 8, 2019",113450,425,-15.451,143.316,365
"December 8, 2019",113449,425,-15.449,143.33,407.6
"December 8, 2019",113448,425,-15.464,143.304,346.8
"December 8, 2019",113447,425,-15.444,143.359,361.2
"December 8, 2019",113446,425,-15.447,143.345,380.1
"December 8, 2019",113445,425,-15.457,143.347,352.8
"December 8, 2019",113444,425,-15.46,143.332,358.6
"December 8, 2019",113443,425,-15.473,143.32,332.9
"December 8, 2019",113442,425,-15.455,143.361,360.7
"December 8, 2019",113441,425,-15.462,143.318,339.5
"December 8, 2019",113440,425,-15.471,143.334,333.3
"December 8, 2019",113439,425,-15.479,143.35,333.7
"December 8, 2019",113438,425,-15.482,143.336,332.2
"December 8, 2019",113437,425,-14.541,141.933,347
"December 8, 2019",113436,425,-14.561,141.93,345
"December 8, 2019",113435,425,-14.562,141.918,374
"December 8, 2019",113434,425,-14.549,141.94,349.2
"December 8, 2019",113433,425,-14.551,141.928,357.9
"December 8, 2019",113432,425,-14.551,141.935,347.6
"December 8, 2019",113431,425,-14.553,141.923,344.1
"December 8, 2019",113430,425,-14.586,141.898,339.5
"December 8, 2019",113429,425,-14.595,141.912,367.8
"December 8, 2019",113428,425,-14.596,141.9,355.1
"December 8, 2019",113427,425,-14.621,141.94,342.4
"December 8, 2019",113426,425,-14.605,141.913,341.8
"December 8, 2019",113425,425,-14.606,141.902,333.2
"December 8, 2019",113424,425,-14.593,141.923,342.1
"December 8, 2019",113423,425,-15.362,143.146,359.8
"December 8, 2019",113422,425,-15.571,142.654,341.3
"December 8, 2019",113421,425,-15.722,142.295,343.3
"December 8, 2019",113420,425,-15.518,144.63,332.2
"December 8, 2019",113419,425,-14.619,141.952,341.8
"December 8, 2019",113418,425,-15.401,143.202,343.3
"December 8, 2019",113417,425,-15.404,143.188,338.7
"December 8, 2019",113416,425,-15.536,144.598,342.2
"December 8, 2019",113415,425,-15.527,144.649,340.2
"December 8, 2019",113414,425,-15.548,144.599,339.9
"December 8, 2019",113413,425,-15.539,144.651,338.4
"December 8, 2019",113412,425,-15.36,143.16,354.9
"December 8, 2019",113411,425,-15.538,142.425,343.9
"December 8, 2019",113410,425,-15.54,142.413,344.7
"December 8, 2019",113409,425,-15.437,141.575,335.5
"December 8, 2019",113408,425,-15.724,142.283,343.3
"December 8, 2019",113407,425,-15.432,141.608,342.5
"December 8, 2019",113406,425,-25.089,152.339,327.2
"December 8, 2019",113405,425,-15.591,144.595,338.1
"December 8, 2019",113404,425,-15.596,144.608,333.1
"December 8, 2019",113403,425,-15.588,144.612,341.4
"December 8, 2019",113402,425,-25.092,152.347,334.4
"December 8, 2019",113401,425,-15.43,141.601,334.4
"December 8, 2019",113400,425,-15.71,142.305,340.6
"December 8, 2019",113399,425,-15.581,144.622,339
"December 8, 2019",113398,425,-15.585,144.629,338.1
"December 8, 2019",113397,425,-15.244,144.075,333.3
"December 8, 2019",113396,425,-15.299,144.101,340.5
"December 8, 2019",113395,425,-15.274,144.113,341.8
"December 8, 2019",113394,425,-15.297,144.09,332.5
"December 8, 2019",113393,425,-15.276,144.097,344.7
"December 8, 2019",113392,425,-15.294,144.106,333.2
"December 8, 2019",113391,425,-15.253,144.093,332
"December 8, 2019",113390,425,-15.242,144.091,341.5
"December 8, 2019",113389,425,-15.456,144.665,337.8
"December 8, 2019",113388,425,-14.358,143.45,328.2
"December 8, 2019",113387,425,-15.365,143.153,364.6
"December 8, 2019",113386,425,-15.391,143.13,334.4
"December 8, 2019",113385,425,-15.393,143.116,364.7
"December 8, 2019",113384,425,-15.057,142.348,404.3
"December 8, 2019",113383,425,-15.055,142.36,361.2
"December 8, 2019",113382,425,-15.069,142.338,395
"December 8, 2019",113381,425,-15.075,142.364,342.4
"December 8, 2019",113380,425,-15.079,142.339,347.8
"December 8, 2019",113379,425,-15.065,142.362,343.6
"December 8, 2019",113378,425,-15.067,142.35,349.3
"December 8, 2019",113377,425,-14.985,142.627,360.3
"December 8, 2019",113376,425,-14.997,142.616,338.4
"December 8, 2019",113375,425,-14.987,142.614,369.5
"December 8, 2019",113374,425,-14.989,142.601,342.2
"December 8, 2019",113373,425,-15,142.635,340.9
"December 8, 2019",113372,425,-14.993,142.607,347.1
"December 8, 2019",113371,425,-14.999,142.603,334.4
"December 8, 2019",113370,425,-15.004,142.609,340.6
"December 8, 2019",113369,425,-15.002,142.622,342.6
"December 8, 2019",113368,425,-14.998,142.648,338.2
"December 8, 2019",113367,425,-14.987,142.646,338.9
"December 8, 2019",113366,425,-14.983,142.639,344.9
"December 8, 2019",113365,425,-14.977,142.612,337
"December 8, 2019",113364,425,-12.637,136.637,337.7
"December 8, 2019",113363,425,-12.639,136.627,332.5
"December 8, 2019",113362,425,-12.804,134.657,341.2
"December 8, 2019",113361,425,-12.349,136.527,327.9
"December 8, 2019",113360,425,-12.35,136.518,337.2
"December 8, 2019",113359,425,-12.34,136.526,355.1
"December 8, 2019",113358,425,-12.33,136.525,361.4
"December 8, 2019",113357,425,-15.673,130.812,342.2
"December 8, 2019",113356,425,-15.658,130.811,329.7
"December 8, 2019",113355,425,-13.44,135.539,359.6
"December 8, 2019",113354,425,-13.438,135.55,352.5
"December 8, 2019",113353,425,-15.669,130.835,331.9
"December 8, 2019",113352,425,-15.672,130.807,339.6
"December 8, 2019",113351,425,-13.451,135.529,358.6
"December 8, 2019",113350,425,-13.45,135.541,414.1
"December 8, 2019",113349,425,-13.448,135.552,355.3
"December 8, 2019",113348,425,-13.447,135.563,336.6
"December 8, 2019",113347,425,-13.451,135.535,416.4
"December 8, 2019",113346,425,-13.45,135.546,407
"December 8, 2019",113345,425,-13.448,135.557,338.9
"December 8, 2019",113344,425,-15.019,128.687,336.7
"December 8, 2019",113343,425,-15.015,128.725,336.7
"December 8, 2019",113342,425,-15.023,128.691,343.8
"December 8, 2019",113341,425,-15.019,128.729,333.5
"December 8, 2019",113340,425,-12.314,135.124,335.8
"December 8, 2019",113339,425,-12.324,135.126,338.3
"December 8, 2019",113338,425,-12.336,135.116,335.9
"December 8, 2019",113337,425,-12.318,136.82,332
"December 8, 2019",113336,425,-12.329,136.812,349.6
"December 8, 2019",113335,425,-12.327,136.821,354.4
"December 8, 2019",113334,425,-12.338,136.813,331.5
"December 8, 2019",113333,425,-12.337,136.823,333.3
"December 8, 2019",113332,425,-12.329,136.88,332.2
"December 8, 2019",113331,425,-12.338,136.881,332
"December 8, 2019",113330,425,-13.289,135.681,338
"December 8, 2019",113329,425,-13.455,135.66,346.6
"December 8, 2019",113328,425,-13.965,135.102,348
"December 8, 2019",113327,425,-25.279,151.304,337.8
"December 8, 2019",113326,425,-25.288,151.314,337.2
"December 8, 2019",113325,425,-12.806,134.556,348.1
"December 8, 2019",113324,425,-12.817,134.557,358.9
"December 8, 2019",113323,425,-12.817,134.634,339.4
"December 8, 2019",113322,425,-12.221,136.512,345.4
"December 8, 2019",113321,425,-13.466,135.651,351.7
"December 8, 2019",113320,425,-12.72,134.512,342.2
"December 8, 2019",113319,425,-12.718,134.525,358.9
"December 8, 2019",113318,425,-12.717,134.537,344.9
"December 8, 2019",113317,425,-12.722,134.576,342
"December 8, 2019",113316,425,-12.733,134.578,365.6
"December 8, 2019",113315,425,-12.731,134.59,365.9
"December 8, 2019",113314,425,-12.743,134.579,340.8
"December 8, 2019",113313,425,-12.741,134.592,339.3
"December 8, 2019",113312,425,-14.101,135.236,363.7
"December 8, 2019",113311,425,-12.214,136.516,333.9
"December 8, 2019",113310,425,-12.334,135.127,339.7
"December 8, 2019",113309,425,-12.654,131.63,332.6
"December 8, 2019",113308,425,-12.848,134.606,331.9
"December 8, 2019",113307,425,-12.85,134.593,359.1
"December 8, 2019",113306,425,-12.853,134.568,351.8
"December 8, 2019",113305,425,-12.843,134.599,346.2
"December 8, 2019",113304,425,-12.845,134.587,338.7
"December 8, 2019",113303,425,-12.822,134.596,339.4
"December 8, 2019",113302,425,-12.814,134.582,338.9
"December 8, 2019",113301,425,-12.815,134.57,380.5
"December 8, 2019",113300,425,-12.805,134.568,346.6
"December 8, 2019",113299,425,-12.7,134.662,333
"December 8, 2019",113298,425,-12.73,134.679,337.1
"December 8, 2019",113297,425,-12.74,134.68,333.9
"December 8, 2019",113296,425,-12.337,136.754,333.4
"December 8, 2019",113295,425,-12.411,136.741,341.6
"December 8, 2019",113294,425,-12.42,136.742,360
"December 8, 2019",113293,425,-12.341,136.516,384.1
"December 8, 2019",113292,425,-12.342,136.506,361.4
"December 8, 2019",113291,425,-12.332,136.515,361.6
"December 8, 2019",113290,425,-12.333,136.505,340.7
"December 8, 2019",113289,425,-12.5,135.872,334.7
"December 8, 2019",113288,425,-12.502,135.861,412.6
"December 8, 2019",113287,425,-12.503,135.851,353.7
"December 8, 2019",113286,425,-11.629,142.608,333.6
"December 8, 2019",113285,425,-11.553,142.575,335.7
"December 8, 2019",113284,425,-11.487,142.558,346
"December 8, 2019",113283,425,-14.063,134.914,342.6
"December 8, 2019",113282,425,-14.043,134.899,342.1
"December 8, 2019",113281,425,-13.181,130.539,323
"December 8, 2019",113280,425,-14.057,135.254,340.8
"December 8, 2019",113279,425,-14.059,135.242,384.7
"December 8, 2019",113278,425,-14.06,135.23,345.3
"December 8, 2019",113277,425,-14.047,135.253,337.3
"December 8, 2019",113276,425,-14.04,135.246,336.7
"December 8, 2019",113275,425,-13.644,134.447,339.3
"December 8, 2019",113274,425,-15.367,129.472,328.7
"December 8, 2019",113273,425,-15.36,129.478,328
"December 8, 2019",113272,425,-18.348,144.599,367.1
"December 8, 2019",113271,425,-18.346,144.614,395.9
"December 8, 2019",113270,425,-18.343,144.629,349.4
"December 8, 2019",113269,425,-18.357,144.616,363.8
"December 8, 2019",113268,425,-18.354,144.631,337.6
"December 8, 2019",113267,425,-18.345,144.604,397.8
"December 8, 2019",113266,425,-18.342,144.619,379.2
"December 8, 2019",113265,425,-18.354,144.621,366.4
"December 8, 2019",113264,425,-13.33,135.743,339.2
"December 8, 2019",113263,425,-13.333,135.739,340.1
"December 8, 2019",113262,425,-12.925,136.485,331.9
"December 8, 2019",113261,425,-11.478,142.542,331.6
"December 8, 2019",113260,425,-15.057,144.945,331.8
"December 8, 2019",113259,425,-16.894,137.315,385.3
"December 8, 2019",113258,425,-11.829,142.061,352.3
"December 8, 2019",113257,425,-17.464,142.668,342.4
"December 8, 2019",113256,425,-16.829,137.547,330.7
"December 8, 2019",113255,425,-17.475,142.664,339.5
"December 8, 2019",113254,425,-19.569,146.515,334.8
"December 8, 2019",113253,425,-19.553,146.525,342.8
"December 8, 2019",113252,425,-19.557,146.505,332.1
"December 8, 2019",113251,425,-13.263,142.175,339.2
"December 8, 2019",113250,425,-14.83,143.791,361.2
"December 8, 2019",113249,425,-25.176,149.249,357.9
"December 8, 2019",113248,425,-16.988,141.153,336.3
"December 8, 2019",113247,425,-18.225,145.352,340.9
"December 8, 2019",113246,425,-22.66,150.124,331.3
"December 8, 2019",113245,425,-26.796,147.453,384.3
"December 8, 2019",113244,425,-17.443,142.738,343
"December 8, 2019",113243,425,-22.676,150.128,333
"December 8, 2019",113242,425,-19.966,145.914,338.1
"December 8, 2019",113241,425,-13.463,142.453,330.9
"December 8, 2019",113240,425,-13.24,142.119,335.4
"December 8, 2019",113239,425,-29.255,144.976,341
"December 8, 2019",113238,425,-14.82,143.853,346.6
"December 8, 2019",113237,425,-14.823,143.837,362.2
"December 8, 2019",113236,425,-14.814,143.82,339.3
"December 8, 2019",113235,425,-17.493,142.68,346.4
"December 8, 2019",113234,425,-14.866,143.861,355.4
"December 8, 2019",113233,425,-16.429,142.418,344.5
"December 8, 2019",113232,425,-14.828,143.806,337.3
"December 8, 2019",113231,425,-16.374,141.991,339
"December 8, 2019",113230,425,-16.37,142.013,352.7
"December 8, 2019",113229,425,-16.451,142.41,366.3
"December 8, 2019",113228,425,-25.067,149.19,355.3
"December 8, 2019",113227,425,-16.38,142.015,349.3
"December 8, 2019",113226,425,-17.232,142.516,338.5
"December 8, 2019",113225,425,-16.083,137.141,342.2
"December 8, 2019",113224,425,-16.453,142.398,352.1
"December 8, 2019",113223,425,-14.811,143.835,368.6
"December 8, 2019",113222,425,-16.463,142.4,349.3
"December 8, 2019",113221,425,-17.056,137.619,336
"December 8, 2019",113220,425,-14.825,143.822,348.6
"December 8, 2019",113219,425,-11.821,142.046,331.5
"December 8, 2019",113218,425,-11.831,142.047,368.3
"December 8, 2019",113217,425,-16.461,142.412,343.7
"December 8, 2019",113216,425,-19.968,145.92,340.6
"December 8, 2019",113215,425,-16.463,141.559,332.9
"December 8, 2019",113214,425,-16.439,142.42,344.3
"December 8, 2019",113213,425,-16.441,142.408,346.7
"December 8, 2019",113212,425,-16.483,142.403,340.4
"December 8, 2019",113211,425,-16.701,141.276,338.5
"December 8, 2019",113210,425,-16.487,142.379,354
"December 8, 2019",113209,425,-17.395,142.582,346.5
"December 8, 2019",113208,425,-17.4,142.619,344.2
"December 8, 2019",113207,425,-18.397,144.71,347.4
"December 8, 2019",113206,425,-15.039,144.954,327.1
"December 8, 2019",113205,425,-18.368,144.608,377.9
"December 8, 2019",113204,425,-13.506,142.074,338
"December 8, 2019",113203,425,-19.566,146.528,331.6
"December 8, 2019",113202,425,-17.381,142.549,345
"December 8, 2019",113201,425,-18.451,144.663,341.7
"December 8, 2019",113200,425,-14.857,143.844,348.4
"December 8, 2019",113199,425,-26.805,147.429,347
"December 8, 2019",113198,425,-17,137.564,359.1
"December 8, 2019",113197,425,-26.8,147.435,412.4
"December 8, 2019",113196,425,-14.394,143.44,338.3
"December 8, 2019",113195,425,-19.965,145.938,336.3
"December 8, 2019",113194,425,-18.233,145.372,358.6
"December 8, 2019",113193,425,-13.273,142.177,340.4
"December 8, 2019",113192,425,-18.227,145.384,341.7
"December 8, 2019",113191,425,-18.218,145.363,339.2
"December 8, 2019",113190,425,-13.238,142.197,337.9
"December 8, 2019",113189,425,-17.002,137.554,340.7
"December 8, 2019",113188,425,-16.537,142.381,340.5
"December 8, 2019",113187,425,-16.475,142.39,361.2
"December 8, 2019",113186,425,-26.793,147.426,404.8
"December 8, 2019",113185,425,-16.497,142.381,345.5
"December 8, 2019",113184,425,-16.527,142.38,347.1
"December 8, 2019",113183,425,-19.978,145.916,333.3
"December 8, 2019",113182,425,-13.094,143.218,380.5
"December 8, 2019",113181,425,-13.083,143.216,349.1
"December 8, 2019",113180,425,-16.473,142.401,348.2
"December 8, 2019",113179,425,-14.447,143.472,342
"December 8, 2019",113178,425,-14.454,143.427,339.6
"December 8, 2019",113177,425,-14.436,143.47,347.2
"December 8, 2019",113176,425,-14.449,143.457,346
"December 8, 2019",113175,425,-14.424,143.468,339.3
"December 8, 2019",113174,425,-14.386,143.486,336.7
"December 8, 2019",113173,425,-14.443,143.425,346.2
"December 8, 2019",113172,425,-14.438,143.455,341.3
"December 8, 2019",113171,425,-14.396,143.432,337.3
"December 8, 2019",113170,425,-14.411,143.482,345.5
"December 8, 2019",113169,425,-12.668,141.93,332.4
"December 8, 2019",113168,425,-14.393,143.447,337.3
"December 8, 2019",113167,425,-13.246,142.211,334
"December 8, 2019",113166,425,-14.423,143.406,343.6
"December 8, 2019",113165,425,-26.801,147.447,364.3
"December 8, 2019",113164,425,-26.787,147.462,341.5
"December 8, 2019",113163,425,-12.679,141.932,337.3
"December 8, 2019",113162,425,-22.654,150.156,330.6
"December 8, 2019",113161,425,-16.479,142.544,337.5
"December 8, 2019",113160,425,-13.001,130.401,324.6
"December 8, 2019",113159,425,-26.79,147.444,429.3
"December 8, 2019",113158,425,-17.529,142.649,340.6
"December 8, 2019",113157,425,-26.778,147.441,393.4
"December 8, 2019",113156,425,-13.457,142.492,339.2
"December 8, 2019",113155,425,-15.309,144.092,334.3
"December 8, 2019",113154,425,-25.173,149.23,353.8
"December 8, 2019",113153,425,-16.364,142.242,341.6
"December 8, 2019",113152,425,-16.419,141.9,340.2
"December 8, 2019",113151,425,-16.421,141.889,362.3
"December 8, 2019",113150,425,-16.407,141.91,350.5
"December 8, 2019",113149,425,-16.488,142.441,340.5
"December 8, 2019",113148,425,-16.517,142.378,348.5
"December 8, 2019",113147,425,-25.168,149.255,361.4
"December 8, 2019",113146,425,-17.521,142.635,346.7
"December 8, 2019",113145,425,-14.831,143.855,339.6
"December 8, 2019",113144,425,-17.23,142.467,346.1
"December 8, 2019",113143,425,-26.781,147.423,355.3
"December 8, 2019",113142,425,-25.09,149.174,345.8
"December 8, 2019",113141,425,-25.077,149.171,342.8
"December 8, 2019",113140,425,-25.1,149.172,353.5
"December 8, 2019",113139,425,-19.972,145.902,343.1
"December 8, 2019",113138,425,-25.072,149.196,343.9
"December 8, 2019",113137,425,-26.168,146.535,343.9
"December 8, 2019",113136,425,-25.086,149.169,337.7
"December 8, 2019",113135,425,-25.058,149.192,342.5
"December 8, 2019",113134,425,-17.228,142.486,336.7
"December 8, 2019",113133,425,-25.104,149.178,354.7
"December 8, 2019",113132,425,-16.381,142.009,341.1
"December 8, 2019",113131,425,-16.986,141.163,334.7
"December 8, 2019",113130,425,-13.072,143.213,338.8
"December 8, 2019",113129,425,-17.003,141.177,342.9
"December 8, 2019",113128,425,-16.115,137.187,345.5
"December 8, 2019",113127,425,-16.984,141.173,332.9
"December 8, 2019",113126,425,-16.992,141.185,332.7
"December 8, 2019",113125,425,-16.995,141.165,331.9
"December 8, 2019",113124,425,-16.994,141.175,352.8
"December 8, 2019",113123,425,-17.218,142.484,363.7
"December 8, 2019",113122,425,-22.669,150.131,337.4
"December 8, 2019",113121,425,-29.257,144.964,373.2
"December 8, 2019",113120,425,-13.452,142.485,336.3
"December 8, 2019",113119,425,-13.469,142.481,343.2
"December 8, 2019",113118,425,-19.57,146.508,328.8
"December 8, 2019",113117,425,-15.453,143.375,351
"December 8, 2019",113116,425,-16.073,137.164,334.4
"December 8, 2019",113115,425,-16.081,137.151,339.3
"December 8, 2019",113114,425,-13.459,142.479,335.7
"December 8, 2019",113113,425,-16.372,142.002,367.2
"December 8, 2019",113112,425,-17.23,142.474,349.8
"December 8, 2019",113111,425,-16.38,142.02,354.9
"December 8, 2019",113110,425,-13.248,142.199,347.6
"December 8, 2019",113109,425,-19.981,145.898,332.8
"December 8, 2019",113108,425,-14.868,143.846,343.2
"December 8, 2019",113107,425,-19.963,145.932,337.5
"December 8, 2019",113106,425,-14.834,143.839,338.9
"December 8, 2019",113105,425,-16.377,142.489,338.2
"December 8, 2019",113104,425,-19.984,145.904,331.5
"December 8, 2019",113103,425,-13.497,142.06,335.3
"December 8, 2019",113102,425,-17.22,142.472,347.3
"December 8, 2019",113101,425,-26.179,146.538,351.6
"December 8, 2019",113100,425,-17.38,142.561,345.6
"December 8, 2019",113099,425,-18.457,144.632,345.5
"December 8, 2019",113098,425,-13.495,142.072,333.2
"December 8, 2019",113097,425,-13.081,143.231,328.8
"December 8, 2019",113096,425,-24.997,149.255,328
"December 8, 2019",113095,425,-13.499,142.047,329
"December 8, 2019",113094,425,-17.228,142.479,358.5
"December 8, 2019",113093,425,-16.893,137.325,367
"December 8, 2019",113092,425,-15.92,143.275,338.7
"December 8, 2019",113091,425,-12.89,143.489,337.6
"December 8, 2019",113090,425,-16.372,142.256,341.9
"December 8, 2019",113089,425,-11.838,142.075,329.1
"December 8, 2019",113088,425,-18.449,144.678,344
"December 8, 2019",113087,425,-12.887,143.505,371.5
"December 8, 2019",113086,425,-12.878,143.487,345.7
"December 8, 2019",113085,425,-16.297,142.094,340.6
"December 8, 2019",113084,425,-18.221,145.369,354.3
"December 8, 2019",113083,425,-16.362,142.254,339.6
"December 8, 2019",113082,425,-14.964,145.016,328.4
"December 8, 2019",113081,425,-17.23,142.528,341.2
"December 8, 2019",113080,425,-25.049,149.212,330.7
"December 8, 2019",113079,425,-18.23,145.366,359
"December 8, 2019",113078,425,-16.485,142.391,372.4
"December 8, 2019",113077,420,-30.201,150.078,331.4
"December 8, 2019",113076,420,-30.053,151.906,339.1
"December 8, 2019",113075,420,-30.04,151.897,378.1
"December 8, 2019",113074,420,-30.199,150.083,331.6
"December 8, 2019",113073,420,-30.055,151.902,339.7
"December 8, 2019",113072,420,-37.496,147.977,323.3
"December 8, 2019",113071,420,-30.016,150.64,343.7
"December 8, 2019",113070,420,-29.519,152.289,384.3
"December 8, 2019",113069,420,-30.026,151.893,332.4
"December 8, 2019",113068,420,-33.132,149.847,333.7
"December 8, 2019",113067,420,-30.048,151.934,333.3
"December 8, 2019",113066,420,-32.589,150.294,334
"December 8, 2019",113065,420,-37.44,147.997,329
"December 8, 2019",113064,420,-29.515,152.296,377.6
"December 8, 2019",113063,420,-37.498,147.962,312.6
"December 8, 2019",113062,420,-29.523,152.263,340.3
"December 8, 2019",113061,420,-33.129,149.841,332.2
"December 8, 2019",113060,420,-31.61,151.685,324.4
"December 8, 2019",113059,420,-32.576,150.292,324.5
"December 8, 2019",113058,420,-37.684,147.902,326.1
"December 8, 2019",113057,420,-37.682,147.915,325.4
"December 8, 2019",113056,420,-32.813,151.134,321.1
"December 8, 2019",113055,420,-32.304,150.12,327.9
"December 8, 2019",113054,420,-32.349,150.161,340
"December 8, 2019",113053,420,-35.547,149.593,319
"December 8, 2019",113052,420,-30.613,151.243,327.2
"December 8, 2019",113051,420,-30.608,151.27,327.4
"December 8, 2019",113050,420,-30.616,151.249,329.4
"December 8, 2019",113049,420,-32.897,146.107,343.7
"December 8, 2019",113048,420,-32.975,150.672,322
"December 8, 2019",113047,420,-32.932,150.823,327.8
"December 8, 2019",113046,420,-32.934,150.804,324.3
"December 8, 2019",113045,420,-32.929,150.827,324.3
"December 8, 2019",113044,420,-32.733,150.294,324.2
"December 8, 2019",113043,420,-37.338,147.933,314.9
"December 8, 2019",113042,420,-37.352,147.91,330.7
"December 8, 2019",113041,420,-37.35,147.923,332.9
"December 8, 2019",113040,420,-37.343,147.964,361.4
"December 8, 2019",113039,420,-37.353,147.967,333.2
"December 8, 2019",113038,420,-37.373,147.971,322.3
"December 8, 2019",113037,420,-37.37,147.986,347.8
"December 8, 2019",113036,420,-37.371,147.977,350.4
"December 8, 2019",113035,420,-37.369,147.991,343.5
"December 8, 2019",113034,420,-37.41,147.988,322
"December 8, 2019",113033,420,-37.418,148.004,334
"December 8, 2019",113032,420,-37.435,148.024,339.4
"December 8, 2019",113031,420,-42.104,147.933,313
"December 8, 2019",113030,420,-42.102,147.947,324.9
"December 8, 2019",113029,420,-42.132,147.922,331.7
"December 8, 2019",113028,420,-42.141,147.924,345.2
"December 8, 2019",113027,420,-42.139,147.937,353.4
"December 8, 2019",113026,420,-42.137,147.95,353.9
"December 8, 2019",113025,420,-42.144,147.966,344.4
"December 8, 2019",113024,420,-42.162,147.972,321.8
"December 8, 2019",113023,420,-29.644,152.617,326.3
"December 8, 2019",113022,420,-38.125,141.814,315.4
"December 8, 2019",113021,420,-32.601,150.296,350.5
"December 8, 2019",113020,420,-32.746,150.296,333.2
"December 8, 2019",113019,420,-32.758,150.3,327.8
"December 8, 2019",113018,420,-32.734,150.301,329.8
"December 8, 2019",113017,420,-32.771,150.311,330.8
"December 8, 2019",113016,420,-32.784,150.315,327.2
"December 8, 2019",113015,420,-34.177,150.143,327.2
"December 8, 2019",113014,420,-33.264,150.237,328.3
"December 8, 2019",113013,420,-33.28,150.222,325.9
"December 8, 2019",113012,420,-33.292,150.225,332.8
"December 8, 2019",113011,420,-33.305,150.228,326.2
"December 8, 2019",113010,420,-29.905,152.083,328.6
"December 8, 2019",113009,420,-35.348,149.596,343
"December 8, 2019",113008,420,-35.338,149.648,340.5
"December 8, 2019",113007,420,-35.342,149.63,327.2
"December 8, 2019",113006,420,-35.334,149.667,322
"December 8, 2019",113005,420,-32.689,150.51,325
"December 8, 2019",113004,420,-33.421,150.64,321.6
"December 8, 2019",113003,420,-33.459,150.59,322.6
"December 8, 2019",113002,420,-32.825,150.37,327.9
"December 8, 2019",113001,420,-32.837,150.372,330.8
"December 8, 2019",113000,420,-32.824,150.376,331.8
"December 8, 2019",112999,420,-32.837,150.378,333
"December 8, 2019",112998,420,-32.87,150.344,377.6
"December 8, 2019",112997,420,-32.887,150.325,347.2
"December 8, 2019",112996,420,-32.903,150.309,352.2
"December 8, 2019",112995,420,-32.899,150.329,341.9
"December 8, 2019",112994,420,-33.424,151.083,339.3
"December 8, 2019",112993,420,-33.427,151.134,338.8
"December 8, 2019",112992,420,-33.425,151.064,345.5
"December 8, 2019",112991,420,-33.423,151.138,333
"December 8, 2019",112990,420,-33.441,151.118,346.6
"December 8, 2019",112989,420,-35.323,149.664,327.9
"December 8, 2019",112988,420,-37.448,147.532,317.8
"December 8, 2019",112987,420,-37.445,147.545,318.1
"December 8, 2019",112986,420,-37.448,147.538,326.5
"December 8, 2019",112985,420,-37.46,147.582,320.5
"December 8, 2019",112984,420,-37.458,147.595,331.2
"December 8, 2019",112983,420,-37.468,147.598,331.4
"December 8, 2019",112982,420,-30.139,150.845,350.8
"December 8, 2019",112981,420,-37.309,148.385,323
"December 8, 2019",112980,420,-37.306,148.398,327.2
"December 8, 2019",112979,420,-30.144,150.821,340.4
"December 8, 2019",112978,420,-30.114,150.894,334.1
"December 8, 2019",112977,420,-30.12,150.867,346.5
"December 8, 2019",112976,420,-34.04,149.962,336.1
"December 8, 2019",112975,420,-34.051,149.968,327.5
"December 8, 2019",112974,420,-30.148,150.826,351.7
"December 8, 2019",112973,420,-30.118,150.899,333
"December 8, 2019",112972,420,-30.143,150.851,340.5
"December 8, 2019",112971,420,-30.176,150.833,341
"December 8, 2019",112970,420,-30.162,150.83,332.6
"December 8, 2019",112969,420,-37.264,148.351,315.2
"December 8, 2019",112968,420,-30.124,150.873,349.6
"December 8, 2019",112967,420,-37.445,148.027,341.5
"December 8, 2019",112966,420,-37.454,148.03,348.5
"December 8, 2019",112965,420,-37.456,148.024,339.1
"December 8, 2019",112964,420,-37.454,148.037,339.9
"December 8, 2019",112963,420,-33.317,150.231,327.5
"December 8, 2019",112962,420,-33.356,150.249,356.3
"December 8, 2019",112961,420,-32.712,150.597,336.5
"December 8, 2019",112960,420,-32.708,150.619,369
"December 8, 2019",112959,420,-32.72,150.623,343.2
"December 8, 2019",112958,420,-32.716,150.645,327
"December 8, 2019",112957,420,-32.728,150.65,322.8
"December 8, 2019",112956,420,-30.129,150.847,351.9
"December 8, 2019",112955,420,-33.352,150.27,328.6
"December 8, 2019",112954,420,-36.545,147.213,330.8
"December 8, 2019",112953,420,-36.543,147.226,327.8
"December 8, 2019",112952,420,-36.574,147.22,317.9
"December 8, 2019",112951,420,-36.594,147.231,340
"December 8, 2019",112950,420,-33.368,150.252,325.3
"December 8, 2019",112949,420,-37.411,148.28,325.3
"December 8, 2019",112948,420,-37.409,148.293,325.5
"December 8, 2019",112947,420,-37.406,148.308,319
"December 8, 2019",112946,420,-37.41,148.286,326.2
"December 8, 2019",112945,420,-37.407,148.3,324.2
"December 8, 2019",112944,420,-33.061,150.972,334.7
"December 8, 2019",112943,420,-33.057,150.976,341.3
"December 8, 2019",112942,420,-33.364,150.274,347.5
"December 8, 2019",112941,420,-37.473,147.627,323.2
"December 8, 2019",112940,420,-32.779,150.336,328.2
"December 8, 2019",112939,420,-32.792,150.339,345.3
"December 8, 2019",112938,420,-32.8,150.363,333.6
"December 8, 2019",112937,420,-33.234,151.037,328.7
"December 8, 2019",112936,420,-33.264,151.022,320.9
"December 8, 2019",112935,420,-33.23,151.041,326.1
"December 8, 2019",112934,420,-33.261,151.025,320.5
"December 8, 2019",112933,420,-33.317,151.143,320.3
"December 8, 2019",112932,420,-33.315,151.15,326.3
"December 8, 2019",112931,420,-33.244,151.169,321.1
"December 8, 2019",112930,420,-33.282,151.181,322.7
"December 8, 2019",112929,420,-33.948,150.34,322.8
"December 8, 2019",112928,420,-33.949,150.345,328.7
"December 8, 2019",112927,420,-31.179,146.652,333.8
"December 8, 2019",112926,420,-31.193,146.698,350.3
"December 8, 2019",112925,420,-31.19,146.712,346.4
"December 8, 2019",112924,420,-33.256,150.214,336.4
"December 8, 2019",112923,420,-34.189,150.085,330.3
"December 8, 2019",112922,420,-34.182,150.097,339.6
"December 8, 2019",112921,420,-34.185,150.103,333.7
"December 8, 2019",112920,420,-34.142,150.106,334.1
"December 8, 2019",112919,420,-33.268,150.217,349.5
"December 8, 2019",112918,420,-32.593,150.273,338.4
"December 8, 2019",112917,420,-32.747,150.304,325.1
"December 8, 2019",112916,420,-32.849,151.075,321
"December 8, 2019",112915,420,-28.786,152.367,330.6
"December 8, 2019",112914,420,-28.645,152.386,334
"December 8, 2019",112913,420,-35.829,137.123,347.6
"December 8, 2019",112912,420,-35.843,137.104,342.5
"December 8, 2019",112911,420,-35.841,137.125,366
"December 8, 2019",112910,420,-33.252,150.234,338.4
"December 8, 2019",112909,420,-29.433,152.529,339.2
"December 8, 2019",112908,420,-30.634,152.156,331.1
"December 8, 2019",112907,420,-30.64,152.128,328.7
"December 8, 2019",112906,420,-28.488,152.443,329.4
"December 8, 2019",112905,420,-28.497,152.441,329.5
"December 8, 2019",112904,420,-29.65,152.611,327.8
"December 8, 2019",112903,420,-28.842,150.913,336.1
"December 8, 2019",112902,420,-30.36,150.842,342.7
"December 8, 2019",112901,420,-28.794,152.331,337.4
"December 8, 2019",112900,420,-29.611,152.562,325.9
"December 8, 2019",112899,420,-28.787,152.29,330
"December 8, 2019",112898,420,-28.692,152.291,352.2
"December 8, 2019",112897,420,-28.7,152.259,333.3
"December 8, 2019",112896,420,-28.7,152.289,342.5
"December 8, 2019",112895,420,-30.365,150.819,329.9
"December 8, 2019",112894,145,-32.341,120.086,323.6
"December 8, 2019",112893,145,-30.907,120.176,347.1
"December 8, 2019",112892,145,-30.911,120.194,339
"December 8, 2019",112891,145,-32.414,120.157,351.4
"December 8, 2019",112890,145,-32.447,120.268,336.3
"December 8, 2019",112889,145,-32.382,119.927,373
"December 8, 2019",112888,145,-32.382,119.94,359.3
"December 8, 2019",112887,145,-32.378,119.922,377.1
"December 8, 2019",112886,145,-32.371,119.93,388.3
"December 8, 2019",112885,145,-30.899,120.198,340.4
"December 8, 2019",112884,145,-30.896,120.18,356.4
"December 8, 2019",112883,145,-32.448,120.274,337.3
"December 8, 2019",112882,145,-32.387,120.201,325.7
"December 8, 2019",112881,145,-32.443,120.251,332.7
"December 8, 2019",112880,145,-29.613,122.929,329.7
"December 8, 2019",112879,145,-32.374,120.132,331.3
"December 8, 2019",112878,140,-29.437,123.933,326.5
"December 8, 2019",112877,140,-29.425,123.923,354.3
"December 8, 2019",112876,140,-28.303,125.59,360.6
"December 8, 2019",112875,140,-28.164,125.521,332.4
"December 8, 2019",112874,140,-28.301,125.579,336.6
"December 8, 2019",112873,140,-28.215,125.559,355
"December 8, 2019",112872,140,-29.435,123.921,333.6
"December 8, 2019",112871,140,-20.802,122.923,349.7
"December 8, 2019",112870,140,-16.845,137.335,353.4
"December 8, 2019",112869,140,-13.319,130.347,334
"December 8, 2019",112868,140,-16.068,137.113,332.5
"December 8, 2019",112867,140,-16.117,137.177,334.4
"December 8, 2019",112866,140,-15.413,124.723,334.7
"December 8, 2019",112865,140,-16.604,128.02,347
"December 8, 2019",112864,140,-16.624,128.027,337.6
"December 8, 2019",112863,140,-16.729,124.347,356.9
"December 8, 2019",112862,140,-16.714,124.333,344.4
"December 8, 2019",112861,140,-16.74,124.345,332.2
"December 8, 2019",112860,140,-16.613,128.018,344
"December 8, 2019",112859,140,-16.876,137.356,339.5
"December 8, 2019",112858,140,-15.926,129.985,340.4
"December 8, 2019",112857,140,-16.967,137.655,353.7
"December 8, 2019",112856,140,-15.707,124.425,334.5
"December 8, 2019",112855,140,-20.804,122.868,342.6
"December 8, 2019",112854,140,-16.911,137.372,338.2
"December 8, 2019",112853,140,-16.952,137.625,333.9
"December 8, 2019",112852,140,-16.554,127.983,338.2
"December 8, 2019",112851,140,-16.967,137.623,333.1
"December 8, 2019",112850,140,-17.053,137.614,334.4
"December 8, 2019",112849,140,-16.731,124.363,331.9
"December 8, 2019",112848,140,-16.907,137.378,334.6
"December 8, 2019",112847,140,-16.964,137.629,347.4
"December 8, 2019",112846,140,-16.718,124.338,370.2
"December 8, 2019",112845,140,-15.731,124.448,346.2
"December 8, 2019",112844,140,-16.873,137.331,362.2
"December 8, 2019",112843,140,-16.615,128.028,341
"December 8, 2019",112842,140,-16.871,137.307,335.4
"December 8, 2019",112841,140,-16.07,137.136,342.3
"December 8, 2019",112840,140,-16.694,127.947,372.2
"December 8, 2019",112839,140,-15.574,127.487,339.3
"December 8, 2019",112838,140,-16.552,127.973,344.4
"December 8, 2019",112837,140,-16.726,124.331,340.2
"December 8, 2019",112836,140,-16.721,124.354,373.5
"December 8, 2019",112835,140,-16.077,137.142,339.8
"December 8, 2019",112834,140,-20.785,122.934,338.3
"December 8, 2019",112833,140,-16.717,124.349,360.7
"December 8, 2019",112832,140,-16.623,128.017,352.8
"December 8, 2019",112831,140,-15.924,129.967,339.5
"December 8, 2019",112830,140,-16.551,127.963,341.9
"December 8, 2019",112829,140,-16.119,137.201,332.1
"December 8, 2019",112828,140,-15.925,129.976,344.1
"December 8, 2019",112827,140,-15.916,129.977,341.7
"December 8, 2019",112826,140,-20.819,122.883,343.5
"December 8, 2019",112825,140,-16.716,127.902,357
"December 8, 2019",112824,140,-15.572,127.477,337.9
"December 8, 2019",112823,140,-16.859,137.333,349.1
"December 8, 2019",112822,140,-16.841,137.342,341
"December 8, 2019",112821,140,-15.636,129.148,333.1
"December 8, 2019",112820,140,-16.727,127.911,358.8
"December 8, 2019",112819,140,-16.807,137.296,330.9
"December 8, 2019",112818,140,-16.955,137.651,337.2
"December 8, 2019",112817,140,-16.838,137.317,339
"December 8, 2019",112816,140,-16.685,127.949,340
"December 8, 2019",112815,140,-15.725,124.456,338.3
"December 8, 2019",112814,140,-16.133,124.567,335.4
"December 8, 2019",112813,140,-16.969,137.65,351.8
"December 8, 2019",112812,140,-16.73,124.336,340.3
"December 8, 2019",112811,140,-16.953,137.657,331.2
"December 8, 2019",112810,140,-16.842,137.31,335.8
"December 8, 2019",112809,140,-16.075,137.119,336.6
"December 8, 2019",112808,140,-16.854,137.284,332.2
"December 8, 2019",112807,140,-15.42,124.715,343.3
"December 8, 2019",112806,140,-16.725,127.901,344.4
"December 8, 2019",112805,140,-16.857,137.308,332.7
"December 8, 2019",112804,140,-16.95,137.631,332.9
"December 8, 2019",112803,140,-16.708,127.914,352.1
"December 8, 2019",112802,140,-16.793,137.298,332
"December 8, 2019",112801,140,-20.809,122.929,342.6
"December 8, 2019",112800,140,-13.273,130.472,324.9
"December 8, 2019",112799,140,-15.736,124.454,338.8
"December 8, 2019",112798,140,-17.055,137.607,330.3
"December 8, 2019",112797,140,-15.886,130.02,340.2
"December 8, 2019",112796,140,-16.704,127.946,343.7
"December 8, 2019",112795,140,-16.588,128.018,339.9
"December 8, 2019",112794,140,-16.718,127.913,360.2
"December 8, 2019",112793,140,-20.811,122.874,342.7
"December 8, 2019",112792,140,-15.41,124.708,334
"December 8, 2019",112791,140,-16.707,127.904,356
"December 8, 2019",112790,140,-15.577,127.509,335.9
"December 8, 2019",112789,140,-20.816,122.866,341.4
"December 8, 2019",112788,140,-15.634,129.138,338.7
"December 8, 2019",112787,140,-20.797,122.931,372.6
"December 8, 2019",112786,140,-15.625,129.14,334.5
"December 8, 2019",112785,140,-16.595,128.021,341.1
"December 8, 2019",112784,140,-13.473,135.62,338.8
"December 8, 2019",112783,140,-18.053,124.192,338
"December 8, 2019",112782,140,-20.297,123.302,377.4
"December 8, 2019",112781,140,-13.955,135.096,333.6
"December 8, 2019",112780,140,-15.585,130.803,332.5
"December 8, 2019",112779,140,-18.709,123.477,337.3
"December 8, 2019",112778,140,-15.587,130.812,336.3
"December 8, 2019",112777,140,-18.263,124.083,350.7
"December 8, 2019",112776,140,-13.658,130.026,333.2
"December 8, 2019",112775,140,-15.595,130.802,332.8
"December 8, 2019",112774,140,-15.596,130.811,353.9
"December 8, 2019",112773,140,-12.996,136.282,332.8
"December 8, 2019",112772,140,-13.319,135.751,334.1
"December 8, 2019",112771,140,-13.354,135.746,339.9
"December 8, 2019",112770,140,-13.366,135.745,362
"December 8, 2019",112769,140,-13.368,135.761,344.6
"December 8, 2019",112768,140,-13.349,135.74,334.3
"December 8, 2019",112767,140,-13.361,135.739,345.4
"December 8, 2019",112766,140,-13.363,135.755,360.9
"December 8, 2019",112765,140,-16.786,123.877,337.8
"December 8, 2019",112764,140,-16.766,123.899,339.4
"December 8, 2019",112763,140,-14.893,128.036,364.5
"December 8, 2019",112762,140,-14.884,128.037,350.3
"December 8, 2019",112761,140,-14.882,128.027,333.9
"December 8, 2019",112760,140,-14.718,128.16,341.2
"December 8, 2019",112759,140,-14.717,128.15,332.2
"December 8, 2019",112758,140,-19.098,124.703,349.3
"December 8, 2019",112757,140,-19.138,124.66,345.7
"December 8, 2019",112756,140,-19.14,124.674,338.8
"December 8, 2019",112755,140,-19.157,124.642,346.3
"December 8, 2019",112754,140,-19.159,124.656,347.9
"December 8, 2019",112753,140,-19.168,124.639,347.4
"December 8, 2019",112752,140,-14.032,134.9,350.4
"December 8, 2019",112751,140,-14.034,134.914,348.6
"December 8, 2019",112750,140,-19.17,124.654,341.4
"December 8, 2019",112749,140,-14.707,128.151,342.9
"December 8, 2019",112748,140,-14.699,128.1,334.6
"December 8, 2019",112747,140,-14.696,128.143,330.1
"December 8, 2019",112746,140,-12.735,134.69,342.3
"December 8, 2019",112745,140,-14.189,136.679,331.9
"December 8, 2019",112744,140,-14.187,136.659,333.1
"December 8, 2019",112743,140,-20.268,123.273,370
"December 8, 2019",112742,140,-20.294,123.286,357.3
"December 8, 2019",112741,140,-18.042,124.194,335.5
"December 8, 2019",112740,140,-12.842,134.562,333.9
"December 8, 2019",112739,140,-20.3,123.319,355.4
"December 8, 2019",112738,140,-20.285,123.305,359.7
"December 8, 2019",112737,140,-12.755,134.674,345.3
"December 8, 2019",112736,140,-12.826,134.604,336.9
"December 8, 2019",112735,140,-12.835,134.59,335.4
"December 8, 2019",112734,140,-12.844,134.575,342.1
"December 8, 2019",112733,140,-12.84,134.596,333.6
"December 8, 2019",112732,140,-12.848,134.568,343
"December 8, 2019",112731,140,-12.849,134.581,329.6
"December 8, 2019",112730,140,-19.104,124.724,345
"December 8, 2019",112729,140,-19.113,124.708,351
"December 8, 2019",112728,140,-14.19,136.686,327.9
"December 8, 2019",112727,140,-14.187,136.666,343
"December 8, 2019",112726,140,-16.826,139.136,314.9
"December 8, 2019",112725,140,-12.211,132.732,331.7
"December 8, 2019",112724,140,-14.983,128.674,336.1
"December 8, 2019",112723,140,-15.016,128.708,335.8
"December 8, 2019",112722,140,-15.018,128.718,333.6
"December 8, 2019",112721,140,-15.027,128.716,341.4
"December 8, 2019",112720,140,-13.957,135.111,332.9
"December 8, 2019",112719,140,-13.432,135.55,336.6
"December 8, 2019",112718,140,-13.434,135.566,342.2
"December 8, 2019",112717,140,-13.43,135.56,336.2
"December 8, 2019",112716,140,-13.442,135.559,351.2
"December 8, 2019",112715,140,-12.699,134.668,352.1
"December 8, 2019",112714,140,-12.733,134.677,349.9
"December 8, 2019",112713,140,-15.359,129.449,337.3
"December 8, 2019",112712,140,-12.719,134.571,339.6
"December 8, 2019",112711,140,-12.721,134.584,343.6
"December 8, 2019",112710,140,-14.042,135.248,341.7
"December 8, 2019",112709,140,-13.475,135.636,344.9
"December 8, 2019",112708,140,-12.647,134.514,339.5
"December 8, 2019",112707,140,-12.758,134.668,338.5
"December 8, 2019",112706,140,-14.045,134.913,346.4
"December 8, 2019",112705,140,-15.147,125.064,331.9
"December 8, 2019",112704,140,-15.653,130.825,334.6
"December 8, 2019",112703,140,-15.662,130.824,351.5
"December 8, 2019",112702,140,-12.712,134.519,340.2
"December 8, 2019",112701,140,-12.714,134.532,336.7
"December 8, 2019",112700,140,-12.769,134.666,345.7
"December 8, 2019",112699,140,-14.04,135.233,332.4
"December 8, 2019",112698,140,-23.896,118.708,336.5
"December 8, 2019",112697,140,-23.893,118.702,342.2
"December 8, 2019",112696,140,-19.1,124.717,372.5
"December 8, 2019",112695,140,-19.102,124.71,380
"December 8, 2019",112694,135,-12.322,135.111,339.3
"December 8, 2019",112693,135,-12.335,135.124,337
"December 8, 2019",112692,135,-12.44,136.745,334
"December 8, 2019",112691,135,-11.432,130.538,339.1
"December 8, 2019",112690,135,-12.333,135.11,331.4
"December 8, 2019",112689,135,-12.302,135.128,336.3
"December 8, 2019",112688,135,-12.311,135.113,334.4
"December 8, 2019",112687,135,-12.313,135.127,340.6
"December 8, 2019",112686,135,-11.43,130.528,381
"December 8, 2019",112685,135,-11.441,130.536,349.6
"December 8, 2019",112684,135,-11.439,130.527,379.2
"December 8, 2019",112683,135,-11.438,130.518,337.4
"December 8, 2019",112682,135,-11.429,130.519,343.1
"December 8, 2019",112681,5,-30.467,152.62,337.2
"December 8, 2019",112680,5,-31.457,152.011,327.5
"December 8, 2019",112679,5,-30.033,151.935,332
"December 8, 2019",112678,5,-30.466,152.609,332.4
"December 8, 2019",112677,5,-31.415,151.969,329.6
"December 8, 2019",112676,5,-31.412,152.014,340.3
"December 8, 2019",112675,5,-30.013,151.928,369.4
"December 8, 2019",112674,5,-31.402,151.938,332
"December 8, 2019",112673,5,-28.766,149.718,335.3
"December 8, 2019",112672,5,-31.454,152.055,324.5
"December 8, 2019",112671,5,-31.403,151.949,333.9
"December 8, 2019",112670,5,-30.031,151.925,384
"December 8, 2019",112669,5,-31.414,151.958,333.7
"December 8, 2019",112668,5,-31.419,151.991,338.8
"December 8, 2019",112667,5,-30.479,152.64,327.7
"December 8, 2019",112666,5,-31.416,151.836,337.6
"December 8, 2019",112665,5,-31.417,151.98,321.4
"December 8, 2019",112664,5,-30.498,152.636,325.1
"December 8, 2019",112663,5,-31.606,151.695,332.4
"December 8, 2019",112662,5,-31.559,152.086,323.7
"December 8, 2019",112661,5,-31.597,151.697,319.4
"December 8, 2019",112660,5,-30.504,152.613,329.7
"December 8, 2019",112659,5,-31.499,152.114,326.2
"December 8, 2019",112658,5,-31.412,151.947,324.3
"December 8, 2019",112657,5,-30.043,151.944,363.1
"December 8, 2019",112656,5,-31.649,151.731,326.1
"December 8, 2019",112655,5,-32.944,150.264,322.2
"December 8, 2019",112654,5,-30.022,151.926,339.3
"December 8, 2019",112653,5,-31.564,152.052,319
"December 8, 2019",112652,5,-32.921,150.287,337.5
"December 8, 2019",112651,5,-30.198,152.663,334.6
"December 8, 2019",112650,5,-31.562,152.107,354.9
"December 8, 2019",112649,5,-29.247,144.965,332.6
"December 8, 2019",112648,5,-30.021,151.916,358.4
"December 8, 2019",112647,5,-30.439,152.625,321.4
"December 8, 2019",112646,5,-28.554,149.841,335.5
"December 8, 2019",112645,5,-30.042,151.934,467
"December 8, 2019",112644,5,-30.048,151.911,370.2
"December 8, 2019",112643,5,-30.04,151.923,407.5
"December 8, 2019",112642,5,-30.039,151.913,421.7
"December 8, 2019",112641,5,-31.038,151.898,327.8
"December 8, 2019",112640,5,-31.396,152.028,321.4
"December 8, 2019",112639,5,-30.046,151.9,347.5
"December 8, 2019",112638,5,-31.56,152.097,373.5
"December 8, 2019",112637,5,-30.469,152.631,328.8
"December 8, 2019",112636,5,-30.03,151.914,385
"December 8, 2019",112635,5,-31.42,152.001,340
"December 8, 2019",112634,5,-31.34,152.088,328
"December 8, 2019",112633,5,-30.012,151.918,351.8
"December 8, 2019",112632,5,-31.414,152.024,335.3
"December 8, 2019",112631,5,-31.447,152.063,328.6
"December 8, 2019",112630,5,-31.421,152.012,324.1
"December 8, 2019",112629,5,-25.24,147.87,332.7
"December 8, 2019",112628,5,-29.977,152.922,322.7
"December 8, 2019",112627,5,-30.049,151.921,378
"December 8, 2019",112626,5,-31.414,151.826,339.1
"December 8, 2019",112625,5,-31.423,151.829,318.6
"December 8, 2019",112624,5,-31.615,151.694,329.5
"December 8, 2019",112623,5,-37.48,147.969,307.7
"December 8, 2019",112622,5,-30.037,151.902,351.6
"December 8, 2019",112621,5,-28.783,149.704,335.9
"December 8, 2019",112620,5,-31.037,151.887,334.4
"December 8, 2019",112619,5,-30.781,151.839,322.5
"December 8, 2019",112618,5,-37.489,147.967,306
"December 8, 2019",112617,5,-30.051,151.932,390.1
"December 8, 2019",112616,5,-31.342,152.099,358
"December 8, 2019",112615,5,-37.471,147.964,310.4
"December 8, 2019",112614,5,-30.7,152.516,324.5
"December 8, 2019",112613,5,-30.795,152.538,324.1
"December 8, 2019",112612,5,-30.691,152.517,327.2
"December 8, 2019",112611,5,-30.685,152.474,317.8
"December 8, 2019",112610,5,-29.481,152.33,326.9
"December 8, 2019",112609,5,-29.497,152.306,348.1
"December 8, 2019",112608,5,-29.498,152.317,350.3
"December 8, 2019",112607,5,-29.506,152.304,384.2
"December 8, 2019",112606,5,-29.507,152.315,356.8
"December 8, 2019",112605,5,-31.191,152.407,321
"December 8, 2019",112604,5,-31.456,151.933,328.5
"December 8, 2019",112603,5,-31.454,151.923,328.9
"December 8, 2019",112602,5,-31.433,151.904,317.5
"December 8, 2019",112601,5,-31.417,151.913,333.3
"December 8, 2019",112600,5,-31.609,152.043,321.6
"December 8, 2019",112599,5,-31.608,152.032,320.7
"December 8, 2019",112598,5,-30.693,152.539,332.9
"December 8, 2019",112597,5,-30.623,152.147,356.4
"December 8, 2019",112596,5,-30.622,152.137,327.6
"December 8, 2019",112595,5,-30.617,152.17,345
"December 8, 2019",112594,5,-29.336,152.273,333.6
"December 8, 2019",112593,5,-29.302,152.225,335.8
"December 8, 2019",112592,5,-29.283,152.229,334.8
"December 8, 2019",112591,5,-29.532,152.496,333.4
"December 8, 2019",112590,5,-29.455,152.536,335.7
"December 8, 2019",112589,5,-29.437,152.539,327.4
"December 8, 2019",112588,5,-29.424,152.51,337.5
"December 8, 2019",112587,5,-29.133,152.268,326.8
"December 8, 2019",112586,5,-29.142,152.266,327.5
"December 8, 2019",112585,5,-29.151,152.265,320.3
"December 8, 2019",112584,5,-29.16,152.263,328.2
"December 8, 2019",112583,5,-29.169,152.262,336.2
"December 8, 2019",112582,5,-29.179,152.26,332.7
"December 8, 2019",112581,5,-29.159,152.253,337
"December 8, 2019",112580,5,-28.843,150.915,340.5
"December 8, 2019",112579,5,-28.834,150.916,357.2
"December 8, 2019",112578,5,-28.826,150.928,344.5
"December 8, 2019",112577,5,-28.825,150.918,342.1
"December 8, 2019",112576,5,-30.352,150.841,332.7
"December 8, 2019",112575,5,-30.353,150.852,333.2
"December 8, 2019",112574,5,-30.359,150.834,352.1
"December 8, 2019",112573,5,-30.361,150.844,356.7
"December 8, 2019",112572,5,-30.362,150.854,328.7
"December 8, 2019",112571,5,-30.368,150.832,332.4
"December 8, 2019",112570,5,-30.37,150.842,343.1
"December 8, 2019",112569,5,-29.744,152.565,318.9
"December 8, 2019",112568,5,-30.379,150.84,330.6
"December 8, 2019",112567,5,-31.556,152.131,323.6
"December 8, 2019",112566,5,-28.78,152.303,393
"December 8, 2019",112565,5,-28.778,152.293,351.4
"December 8, 2019",112564,5,-28.771,152.305,335
"December 8, 2019",112563,5,-28.769,152.294,349.1
"December 8, 2019",112562,5,-28.768,152.284,348.2
"December 8, 2019",112561,5,-28.757,152.275,339.8
"December 8, 2019",112560,5,-28.75,152.287,350.3
"December 8, 2019",112559,5,-28.748,152.277,358.6
"December 8, 2019",112558,5,-28.739,152.278,348
"December 8, 2019",112557,5,-28.738,152.268,335.6
"December 8, 2019",112556,5,-28.73,152.28,350.8
"December 8, 2019",112555,5,-28.729,152.27,339.4
"December 8, 2019",112554,5,-28.723,152.288,335.8
"December 8, 2019",112553,5,-28.703,152.281,332.3
"December 8, 2019",112552,5,-28.696,152.292,360.7
"December 8, 2019",112551,5,-28.694,152.282,340
"December 8, 2019",112550,5,-30.682,152.043,335.3
"December 8, 2019",112549,5,-30.679,152.022,325.9
"December 8, 2019",112548,5,-30.676,152.067,325.9
"December 8, 2019",112547,5,-28.688,152.304,341.6
"December 8, 2019",112546,5,-28.687,152.294,361
"December 8, 2019",112545,5,-29.743,152.554,319.7
"December 8, 2019",112544,5,-29.648,152.599,326.7
"December 8, 2019",112543,5,-29.593,152.594,344.3
"December 8, 2019",112542,5,-31.047,151.831,338
"December 8, 2019",112541,5,-31.056,151.834,328.1
"December 8, 2019",112540,5,-28.637,152.331,322.9
"December 8, 2019",112539,5,-28.639,152.341,379.5
"December 8, 2019",112538,5,-28.64,152.351,377.4
"December 8, 2019",112537,5,-28.646,152.333,327.6
"December 8, 2019",112536,5,-28.649,152.354,351.9
"December 8, 2019",112535,5,-28.653,152.321,343.7
"December 8, 2019",112534,5,-28.662,152.447,324.8
"December 8, 2019",112533,5,-28.655,152.332,341.9
"December 8, 2019",112532,5,-28.661,152.309,393.9
"December 8, 2019",112531,5,-28.662,152.32,414.5
"December 8, 2019",112530,5,-28.664,152.33,345.5
"December 8, 2019",112529,5,-28.671,152.318,377.2
"December 8, 2019",112528,5,-28.673,152.328,333.2
"December 8, 2019",112527,5,-28.674,152.339,329.8
"December 8, 2019",112526,5,-28.781,152.314,362.7
"December 8, 2019",112525,5,-28.783,152.324,339.8
"December 8, 2019",112524,5,-28.79,152.312,334
"December 8, 2019",112523,5,-28.767,152.476,336.9
"December 8, 2019",112522,5,-28.768,152.487,329.2
"December 8, 2019",112521,5,-28.792,152.322,348.2
"December 8, 2019",112520,5,-28.793,152.333,343.2
"December 8, 2019",112519,5,-28.795,152.343,341.4
"December 8, 2019",112518,5,-30.656,151.994,321.5
"December 8, 2019",112517,5,-30.648,152.137,330.6
"December 8, 2019",112516,5,-30.64,152.149,337.2
"December 8, 2019",112515,5,-30.634,152.157,337.7
"December 8, 2019",112514,5,-30.632,152.146,340.7
"December 8, 2019",112513,5,-30.631,152.135,328.3
"December 8, 2019",112512,5,-32.815,151.145,316.9
"December 8, 2019",112511,5,-32.8,151.038,331
"December 8, 2019",112510,5,-28.642,152.362,337
"December 8, 2019",112509,5,-33.317,150.229,327.6
"December 8, 2019",112508,5,-33.233,150.285,339.5
"December 8, 2019",112507,5,-33.232,150.275,331.5
"December 8, 2019",112506,5,-33.223,150.277,339.4
"December 8, 2019",112505,5,-32.349,150.156,331.9
"December 8, 2019",112504,5,-34.169,150.14,382.5
"December 8, 2019",112503,5,-32.343,150.179,328.7
"December 8, 2019",112502,5,-32.341,150.169,342.4
"December 8, 2019",112501,5,-32.339,150.158,338.7
"December 8, 2019",112500,5,-32.081,151.343,330.5
"December 8, 2019",112499,5,-32.079,151.332,338.8
"December 8, 2019",112498,5,-32.987,150.867,332.5
"December 8, 2019",112497,5,-32.985,150.857,327.6
"December 8, 2019",112496,5,-32.978,150.869,328.8
"December 8, 2019",112495,5,-32.976,150.858,358
"December 8, 2019",112494,5,-32.975,150.848,333.5
"December 8, 2019",112493,5,-33.254,150.237,365.5
"December 8, 2019",112492,5,-26.558,152.265,331.8
"December 8, 2019",112491,5,-35.542,149.589,337.8
"December 8, 2019",112490,5,-35.532,149.58,317.1
"December 8, 2019",112489,5,-35.541,149.578,336.8
"December 8, 2019",112488,5,-32.903,150.29,347.8
"December 8, 2019",112487,5,-35.546,149.611,323.5
"December 8, 2019",112486,5,-35.544,149.6,346.8
"December 8, 2019",112485,5,-32.928,150.714,321.6
"December 8, 2019",112484,5,-32.882,150.652,319
"December 8, 2019",112483,5,-28.643,152.372,349.9
"December 8, 2019",112482,5,-32.73,150.305,332.8
"December 8, 2019",112481,5,-32.979,150.682,333.9
"December 8, 2019",112480,5,-32.971,150.694,330.5
"December 8, 2019",112479,5,-32.97,150.683,354.1
"December 8, 2019",112478,5,-33.403,150.564,317.5
"December 8, 2019",112477,5,-32.933,150.812,326.5
"December 8, 2019",112476,5,-32.928,150.841,326.4
"December 8, 2019",112475,5,-32.927,150.83,325.3
"December 8, 2019",112474,5,-32.888,150.816,324.5
"December 8, 2019",112473,5,-32.877,150.807,336.1
"December 8, 2019",112472,5,-34.461,150.888,320.5
"December 8, 2019",112471,5,-33.443,150.712,337.9
"December 8, 2019",112470,5,-33.392,150.811,321
"December 8, 2019",112469,5,-33.384,150.808,325.7
"December 8, 2019",112468,5,-37.435,148.033,333.7
"December 8, 2019",112467,5,-37.41,147.992,321.2
"December 8, 2019",112466,5,-37.363,147.985,325
"December 8, 2019",112465,5,-37.338,147.944,316.6
"December 8, 2019",112464,5,-42.14,147.974,351.7
"December 8, 2019",112463,5,-42.138,147.961,334.4
"December 8, 2019",112462,5,-42.136,147.949,324.3
"December 8, 2019",112461,5,-42.135,147.937,346.8
"December 8, 2019",112460,5,-42.134,148,317.5
"December 8, 2019",112459,5,-42.102,147.971,318.4
"December 8, 2019",112458,5,-42.1,147.959,316.8
"December 8, 2019",112457,5,-42.099,147.946,321.7
"December 8, 2019",112456,5,-29.643,152.633,340.4
"December 8, 2019",112455,5,-29.645,152.644,339.6
"December 8, 2019",112454,5,-29.651,152.621,327.3
"December 8, 2019",112453,5,-29.652,152.632,332.1
"December 8, 2019",112452,5,-29.654,152.642,328.7
"December 8, 2019",112451,5,-29.634,152.635,339.2
"December 8, 2019",112450,5,-29.635,152.646,345.5
"December 8, 2019",112449,5,-32.843,150.385,339.7
"December 8, 2019",112448,5,-32.84,150.43,325.6
"December 8, 2019",112447,5,-33.996,149.966,332.4
"December 8, 2019",112446,5,-33.987,149.968,333.7
"December 8, 2019",112445,5,-32.625,150.343,333.9
"December 8, 2019",112444,5,-32.599,150.294,328.3
"December 8, 2019",112443,5,-28.645,152.382,337.9
"December 8, 2019",112442,5,-32.767,150.313,328
"December 8, 2019",112441,5,-32.757,150.3,341.1
"December 8, 2019",112440,5,-32.748,150.301,352
"December 8, 2019",112439,5,-32.739,150.303,334.4
"December 8, 2019",112438,5,-32.951,150.555,321
"December 8, 2019",112437,5,-32.942,150.557,324.1
"December 8, 2019",112436,5,-33.947,150.01,318.2
"December 8, 2019",112435,5,-34.176,150.183,319.9
"December 8, 2019",112434,5,-34.171,150.151,330.9
"December 8, 2019",112433,5,-34.168,150.129,365.4
"December 8, 2019",112432,5,-33.795,150.287,323
"December 8, 2019",112431,5,-33.308,150.23,333.9
"December 8, 2019",112430,5,-33.27,150.223,380.3
"December 8, 2019",112429,5,-33.264,150.246,330.3
"December 8, 2019",112428,5,-33.263,150.235,357.3
"December 8, 2019",112427,5,-33.26,150.214,319.3
"December 8, 2019",112426,5,-33.257,150.259,328.1
"December 8, 2019",112425,5,-35.35,149.598,321.7
"December 8, 2019",112424,5,-35.341,149.6,345.2
"December 8, 2019",112423,5,-29.893,152.113,338.9
"December 8, 2019",112422,5,-29.897,152.084,324.2
"December 8, 2019",112421,5,-29.898,152.095,339.7
"December 8, 2019",112420,5,-34.177,150.127,400.7
"December 8, 2019",112419,5,-33.934,150.046,326.4
"December 8, 2019",112418,5,-33.932,150.035,328.2
"December 8, 2019",112417,5,-33.927,150.058,318.7
"December 8, 2019",112416,5,-33.922,150.088,319.8
"December 8, 2019",112415,5,-33.921,150.077,320.6
"December 8, 2019",112414,5,-34.174,150.172,332.8
"December 8, 2019",112413,5,-29.891,152.102,350.5
"December 8, 2019",112412,5,-30.612,152.404,319.8
"December 8, 2019",112411,5,-29.885,152.125,326.6
"December 8, 2019",112410,5,-32.695,150.505,348.7
"December 8, 2019",112409,5,-32.689,150.528,331.8
"December 8, 2019",112408,5,-32.688,150.517,328.7
"December 8, 2019",112407,5,-32.686,150.506,340.5
"December 8, 2019",112406,5,-33.033,151.057,334.1
"December 8, 2019",112405,5,-33.031,151.047,348.1
"December 8, 2019",112404,5,-33.03,151.036,328.7
"December 8, 2019",112403,5,-33.028,151.092,328.1
"December 8, 2019",112402,5,-33.021,151.038,322.3
"December 8, 2019",112401,5,-33.912,150.145,330.6
"December 8, 2019",112400,5,-33.907,150.169,328.5
"December 8, 2019",112399,5,-32.904,150.301,370.8
"December 8, 2019",112398,5,-32.9,150.335,330.5
"December 8, 2019",112397,5,-32.898,150.324,352.9
"December 8, 2019",112396,5,-32.895,150.303,330
"December 8, 2019",112395,5,-32.891,150.337,328.3
"December 8, 2019",112394,5,-32.884,150.349,327
"December 8, 2019",112393,5,-32.882,150.338,349.7
"December 8, 2019",112392,5,-32.876,150.362,331.7
"December 8, 2019",112391,5,-32.875,150.351,365.6
"December 8, 2019",112390,5,-32.873,150.34,339.3
"December 8, 2019",112389,5,-32.867,150.363,355
"December 8, 2019",112388,5,-32.858,150.36,343.8
"December 8, 2019",112387,5,-32.824,150.378,338.4
"December 8, 2019",112386,5,-33.429,150.87,322.7
"December 8, 2019",112385,5,-33.434,151.103,325.3
"December 8, 2019",112384,5,-33.413,151.08,336.4
"December 8, 2019",112383,5,-33.412,151.069,344.6
"December 8, 2019",112382,5,-33.41,151.059,369.6
"December 8, 2019",112381,5,-33.401,151.06,330.2
"December 8, 2019",112380,5,-34.173,150.295,320.6
"December 8, 2019",112379,5,-37.459,147.6,319.2
"December 8, 2019",112378,5,-34.055,149.991,326.6
"December 8, 2019",112377,5,-34.054,149.981,328.9
"December 8, 2019",112376,5,-34.043,149.972,345.2
"December 8, 2019",112375,5,-34.039,150.006,317.4
"December 8, 2019",112374,5,-34.034,149.974,329.8
"December 8, 2019",112373,5,-34.032,149.963,348.8
"December 8, 2019",112372,5,-34.023,149.965,362.1
"December 8, 2019",112371,5,-30.188,150.858,338.6
"December 8, 2019",112370,5,-32.801,150.598,321.4
"December 8, 2019",112369,5,-32.792,150.6,327.8
"December 8, 2019",112368,5,-32.709,150.474,323.9
"December 8, 2019",112367,5,-32.707,150.463,329.8
"December 8, 2019",112366,5,-32.696,150.454,324.7
"December 8, 2019",112365,5,-32.679,150.398,319.2
"December 8, 2019",112364,5,-32.678,150.388,322.8
"December 8, 2019",112363,5,-33.243,150.228,341.6
"December 8, 2019",112362,5,-30.18,150.87,343.3
"December 8, 2019",112361,5,-30.125,150.866,342.7
"December 8, 2019",112360,5,-30.132,150.854,345
"December 8, 2019",112359,5,-30.123,150.855,345.7
"December 8, 2019",112358,5,-30.167,150.836,332.6
"December 8, 2019",112357,5,-30.116,150.867,349.4
"December 8, 2019",112356,5,-30.117,150.878,349.6
"December 8, 2019",112355,5,-30.119,150.888,347
"December 8, 2019",112354,5,-30.176,150.839,344.1
"December 8, 2019",112353,5,-30.177,150.849,334.5
"December 8, 2019",112352,5,-30.179,150.86,344.9
"December 8, 2019",112351,5,-31.064,151.822,328.3
"December 8, 2019",112350,5,-31.054,151.824,341.1
"December 8, 2019",112349,5,-37.444,148.031,325.4
"December 8, 2019",112348,5,-32.83,150.421,325.2
"December 8, 2019",112347,5,-32.828,150.41,330.4
"December 8, 2019",112346,5,-32.816,150.391,351.4
"December 8, 2019",112345,5,-32.815,150.38,335.1
"December 8, 2019",112344,5,-29.906,152.083,360
"December 8, 2019",112343,5,-32.759,150.694,328.9
"December 8, 2019",112342,5,-32.738,150.676,346.6
"December 8, 2019",112341,5,-32.723,150.635,331.3
"December 8, 2019",112340,5,-32.714,150.632,332
"December 8, 2019",112339,5,-32.703,150.623,323.7
"December 8, 2019",112338,5,-32.702,150.613,328.5
"December 8, 2019",112337,5,-29.916,152.091,327.4
"December 8, 2019",112336,5,-29.915,152.081,322.2
"December 8, 2019",112335,5,-29.907,152.093,340.8
"December 8, 2019",112334,5,-37.412,148.295,320.8
"December 8, 2019",112333,5,-32.697,150.581,342.4
"December 8, 2019",112332,5,-32.696,150.57,336
"December 8, 2019",112331,5,-32.694,150.56,327.3
"December 8, 2019",112330,5,-32.692,150.549,322
"December 8, 2019",112329,5,-32.688,150.583,322.2
"December 8, 2019",112328,5,-33.365,150.307,336.2
"December 8, 2019",112327,5,-32.804,150.371,416.8
"December 8, 2019",112326,5,-32.802,150.361,385.2
"December 8, 2019",112325,5,-32.795,150.373,366.4
"December 8, 2019",112324,5,-32.793,150.363,363.3
"December 8, 2019",112323,5,-32.792,150.352,345.9
"December 8, 2019",112322,5,-32.79,150.341,330.6
"December 8, 2019",112321,5,-32.781,150.343,326.7
"December 8, 2019",112320,5,-32.78,150.332,330.3
"December 8, 2019",112319,5,-32.771,150.334,321.9
"December 8, 2019",112318,5,-32.769,150.324,331.8
"December 8, 2019",112317,5,-32.93,150.852,326.6
"December 8, 2019",112316,5,-32.859,150.877,317
"December 8, 2019",112315,5,-32.883,150.85,317.8
"December 8, 2019",112314,5,-32.858,150.866,321.6
"December 8, 2019",112313,5,-32.837,150.909,331.5
"December 8, 2019",112312,5,-33.364,150.296,353.4
"December 8, 2019",112311,5,-33.303,151.152,323.5
"December 8, 2019",112310,5,-33.239,151.149,325.7
"December 8, 2019",112309,5,-33.237,151.138,321.4
"December 8, 2019",112308,5,-33.394,150.5,321
"December 8, 2019",112307,5,-33.362,150.285,353.7
"December 8, 2019",112306,5,-30.654,152.575,321
"December 8, 2019",112305,5,-33.361,150.275,334.6
"December 8, 2019",112304,5,-32.828,150.911,327.5
"December 8, 2019",112303,5,-32.821,150.924,328.6
"December 8, 2019",112302,5,-32.819,150.913,327.1
"December 8, 2019",112301,5,-33.356,150.309,412
"December 8, 2019",112300,5,-28.702,152.536,328.6
"December 8, 2019",112299,5,-28.683,152.529,331.8
"December 8, 2019",112298,5,-28.684,152.54,331.6
"December 8, 2019",112297,5,-28.693,152.538,333.7
"December 8, 2019",112296,5,-33.355,150.298,374.6
"December 8, 2019",112295,5,-33.2,151.135,319.2
"December 8, 2019",112294,5,-33.144,151.001,326.4
"December 8, 2019",112293,5,-33.136,151.008,332
"December 8, 2019",112292,5,-32.808,150.772,324.1
"December 8, 2019",112291,5,-33.353,150.287,346.8
"December 8, 2019",112290,5,-33.235,151.183,322.7
"December 8, 2019",112289,5,-32.985,151.239,320.9
"December 8, 2019",112288,5,-32.981,151.207,336.8
"December 8, 2019",112287,5,-32.908,151.221,323.5
"December 8, 2019",112286,5,-33.359,150.635,319.4
"December 8, 2019",112285,5,-29.914,152.261,331.7
"December 8, 2019",112284,5,-29.912,152.25,329.1
"December 8, 2019",112283,5,-29.922,152.264,327.9
"December 8, 2019",112282,5,-29.911,152.239,336.8
"December 8, 2019",112281,5,-29.949,152.259,327.8
"December 8, 2019",112280,5,-32.759,150.31,342
"December 8, 2019",112279,5,-34.181,150.093,383.3
"December 8, 2019",112278,5,-34.182,150.104,358.8
"December 8, 2019",112277,5,-34.184,150.114,331
"December 8, 2019",112276,5,-34.146,150.111,336.5
"December 8, 2019",112275,5,-34.172,150.095,379.3
"December 8, 2019",112274,5,-34.173,150.106,346
"December 8, 2019",112273,5,-34.175,150.116,351.2
"December 8, 2019",112272,5,-33.385,150.38,336.4
"December 8, 2019",112271,5,-33.379,150.337,327.1
"December 8, 2019",112270,5,-33.37,150.339,320.4
"December 8, 2019",112269,5,-33.368,150.328,322.4
"December 8, 2019",112268,5,-33.367,150.318,332.3
"December 8, 2019",112267,5,-33.358,150.319,340.9
"December 8, 2019",112266,5,-33.352,150.277,352
"December 8, 2019",112265,5,-33.35,150.266,328.4
"December 8, 2019",112264,5,-32.597,150.283,325
"December 8, 2019",112263,5,-32.588,150.285,364.2
"December 8, 2019",112262,5,-32.579,150.287,333.2
"December 8, 2019",112261,5,-32.885,151.059,331.3
"December 8, 2019",112260,5,-32.887,151.07,326.9
"December 8, 2019",112259,5,-33.339,150.257,332.2
"December 8, 2019",112258,5,-28.772,152.379,344.1
"December 8, 2019",112257,5,-28.774,152.39,331.9
"December 8, 2019",112256,5,-32.71,150.485,318.8
"December 8, 2019",112255,5,-32.703,150.497,325.4
"December 8, 2019",112254,5,-32.694,150.494,342
"December 8, 2019",112253,5,-28.781,152.378,356.7
"December 8, 2019",112252,5,-34.082,150.108,324.9
"December 8, 2019",112251,5,-34.08,150.098,325.2
"December 8, 2019",112250,5,-28.659,152.363,348
"December 8, 2019",112249,5,-33.996,150.467,329.5
"December 8, 2019",112248,5,-28.661,152.373,338.3
"December 8, 2019",112247,5,-28.65,152.364,358.8
"December 8, 2019",112246,5,-28.652,152.375,334.9
"December 8, 2019",112245,0,-25.665,153.022,456.5
"December 8, 2019",112244,0,-25.667,153.032,424.1
"December 8, 2019",112243,0,-25.677,153.04,329.6
"December 8, 2019",112242,0,-25.686,153.039,356.5
"December 8, 2019",112241,0,-25.688,153.049,367.2
"December 8, 2019",112240,0,-25.697,153.047,327
"December 8, 2019",112239,0,-25.698,153.058,339
"December 8, 2019",112238,0,-25.656,153.023,434.3
"December 8, 2019",112237,0,-25.655,153.013,382.8
"December 8, 2019",112236,0,-25.645,153.005,338.5
"December 8, 2019",112235,0,-25.658,153.033,347.9
"December 8, 2019",112234,0,-25.082,152.36,348.7
"December 8, 2019",112233,0,-15.434,144.633,327.4
"December 8, 2019",112232,0,-25.091,149.275,338.9
"December 8, 2019",112231,0,-25.114,149.227,343
"December 8, 2019",112230,0,-25.14,149.197,397
"December 8, 2019",112229,0,-25.124,149.225,345.6
"December 8, 2019",112228,0,-25.109,149.259,377.5
"December 8, 2019",112227,0,-25.107,149.247,370.8
"December 8, 2019",112226,0,-25.105,149.172,346.8
"December 8, 2019",112225,0,-25.065,149.18,337.8
"December 8, 2019",112224,0,-25.095,149.237,342.5
"December 8, 2019",112223,0,-25.109,149.197,343.2
"December 8, 2019",112222,0,-25.111,149.209,341.1
"December 8, 2019",112221,0,-25.107,149.184,345.8
"December 8, 2019",112220,0,-25.011,149.223,337.8
"December 8, 2019",112219,0,-25.081,149.215,342.7
"December 8, 2019",112218,0,-25.057,149.195,342
"December 8, 2019",112217,0,-25.113,149.221,342.7
"December 8, 2019",112216,0,-25.156,149.231,374.5
"December 8, 2019",112215,0,-25.14,149.259,371.4
"December 8, 2019",112214,0,-25.099,149.199,343.1
"December 8, 2019",112213,0,-25.16,149.255,370.1
"December 8, 2019",112212,0,-25.128,149.249,365
"December 8, 2019",112211,0,-24.612,147.974,338
"December 8, 2019",112210,0,-25.097,149.186,345.8
"December 8, 2019",112209,0,-25.104,149.166,328.7
"December 8, 2019",112208,0,-25.138,149.247,419.5
"December 8, 2019",112207,0,-25.142,149.209,394.7
"December 8, 2019",112206,0,-25.077,149.253,339.4
"December 8, 2019",112205,0,-25.11,149.203,340.9
"December 8, 2019",112204,0,-25.054,149.233,342.6
"December 8, 2019",112203,0,-25.117,149.239,346.4
"December 8, 2019",112202,0,-25.119,149.251,373.7
"December 8, 2019",112201,0,-25.115,149.233,344.2
"December 8, 2019",112200,0,-25.117,149.245,363.1
"December 8, 2019",112199,0,-25.056,149.245,339.5
"December 8, 2019",112198,0,-14.885,143.862,325.2
"December 8, 2019",112197,0,-25.103,149.223,342.9
"December 8, 2019",112196,0,-24.75,147.01,334.5
"December 8, 2019",112195,0,-25.126,149.237,347.4
"December 8, 2019",112194,0,-25.101,149.273,337.1
"December 8, 2019",112193,0,-25.121,149.263,339.2
"December 8, 2019",112192,0,-25.04,149.211,340.5
"December 8, 2019",112191,0,-18.387,144.699,326.1
"December 8, 2019",112190,0,-25.087,149.251,342.9
"December 8, 2019",112189,0,-25.148,149.245,435.2
"December 8, 2019",112188,0,-25.061,149.219,344.7
"December 8, 2019",112187,0,-19.973,145.923,324.1
"December 8, 2019",112186,0,-14.965,145.026,314.1
"December 8, 2019",112185,0,-25.131,149.261,341.4
"December 8, 2019",112184,0,-25.083,149.227,343.6
"December 8, 2019",112183,0,-25.146,149.233,428.4
"December 8, 2019",112182,0,-25.073,149.229,344.3
"December 8, 2019",112181,0,-25.13,149.199,349.1
"December 8, 2019",112180,0,-25.118,149.189,360.1
"December 8, 2019",112179,0,-25.101,149.211,343.4
"December 8, 2019",112178,0,-25.15,149.257,406.3
"December 8, 2019",112177,0,-25.071,149.217,343.4
"December 8, 2019",112176,0,-15.439,144.626,328
"December 8, 2019",112175,0,-25.158,149.243,450.2
"December 8, 2019",112174,0,-25.126,149.175,347
"December 8, 2019",112173,0,-24.987,149.265,367.5
"December 8, 2019",112172,0,-25.15,149.195,345.2
"December 8, 2019",112171,0,-25.095,149.174,343.6
"December 8, 2019",112170,0,-22.649,150.136,341.8
"December 8, 2019",112169,0,-22.659,150.134,335
"December 8, 2019",112168,0,-25.042,149.223,344.8
"December 8, 2019",112167,0,-22.657,150.122,333.2
"December 8, 2019",112166,0,-24.637,147.977,335.2
"December 8, 2019",112165,0,-25.079,149.203,343.6
"December 8, 2019",112164,0,-25.047,149.197,335
"December 8, 2019",112163,0,-25.07,149.267,338.2
"December 8, 2019",112162,0,-25.116,149.176,382.6
"December 8, 2019",112161,0,-25.105,149.235,344.4
"December 8, 2019",112160,0,-25.138,149.185,363.4
"December 8, 2019",112159,0,-25.044,149.235,340.1
"December 8, 2019",112158,0,-25.108,149.191,342.1
"December 8, 2019",112157,0,-25.066,149.243,338.8
"December 8, 2019",112156,0,-25.091,149.213,341.4
"December 8, 2019",112155,0,-25.075,149.241,346.3
"December 8, 2019",112154,0,-25.075,149.179,344.1
"December 8, 2019",112153,0,-25.122,149.213,342.4
"December 8, 2019",112152,0,-25.085,149.239,342.5
"December 8, 2019",112151,0,-25.089,149.263,348.3
"December 8, 2019",112150,0,-25.112,149.215,341.4
"December 8, 2019",112149,0,-25.128,149.187,360
"December 8, 2019",112148,0,-25.134,149.223,347.4
"December 8, 2019",112147,0,-25.12,149.201,343.3
"December 8, 2019",112146,0,-25.068,149.255,337
"December 8, 2019",112145,0,-25.089,149.201,342.3
"December 8, 2019",112144,0,-19.969,145.942,328.6
"December 8, 2019",112143,0,-25.119,149.257,374.6
"December 8, 2019",112142,0,-25.064,149.231,342.4
"December 8, 2019",112141,0,-14.959,145.033,315.4
"December 8, 2019",112140,0,-25.152,149.207,340.7
"December 8, 2019",112139,0,-25.099,149.261,376.6
"December 8, 2019",112138,0,-22.651,150.147,339
"December 8, 2019",112137,0,-14.885,143.867,327.6
"December 8, 2019",112136,0,-25.049,149.209,357.4
"December 8, 2019",112135,0,-25.132,149.211,347.3
"December 8, 2019",112134,0,-25.059,149.207,345.8
"December 8, 2019",112133,0,-25.052,149.221,343.8
"December 8, 2019",112132,0,-25.097,149.249,343.4
"December 8, 2019",112131,0,-14.858,143.823,321.2
"December 8, 2019",112130,0,-25.136,149.235,361.4
"December 8, 2019",112129,0,-25.106,149.179,349
"December 8, 2019",112128,0,-25.093,149.225,343.2
"December 8, 2019",112127,0,-25.085,149.176,335.2
"December 8, 2019",112126,0,-24.601,147.976,331.2
"December 8, 2019",112125,0,-25.144,149.221,361.4
"December 8, 2019",112124,0,-22.554,150.361,338.5
"December 8, 2019",112123,0,-25.08,149.265,345.1
"December 8, 2019",112122,0,-25.271,151.307,343.3
"December 8, 2019",112121,0,-25.273,151.317,343.1
"December 8, 2019",112120,0,-24.217,150.936,337.3
"December 8, 2019",112119,0,-25.264,151.314,337.1
"December 8, 2019",112118,0,-25.831,152.014,331.6
"December 8, 2019",112117,0,-24.226,150.935,330.1
