date,minimum_temperature_c,maximum_temperature_c,rainfall_mm,evaporation_mm,sunshine_hours,direction_of_maximum_wind_gust,speed_of_maximum_wind_gust_km_h,time_of_maximum_wind_gust,x9am_temperature_c,x9am_relative_humidity_percent,x9am_cloud_amount_oktas,x9am_wind_direction,x9am_wind_speed_km_h,x9am_msl_pressure_h_pa,x3pm_temperature_c,x3pm_relative_humidity_percent,x3pm_cloud_amount_oktas,x3pm_wind_direction,x3pm_wind_speed_km_h,x3pm_msl_pressure_h_pa,year,month,day
2019-09-01,7.5,16.5,1.2,2.6,10.7,W,44,11:52:00,12.5,82,3,WNW,28,1020.1,15.4,67,NA,WSW,24,1020.1,2019,9,01
2019-09-02,3.1,22.1,0.2,4.8,8.4,NE,39,09:36:00,13.7,70,1,NE,24,1018.1,21.6,40,NA,W,11,1015.2,2019,9,02
2019-09-03,4.9,17.4,0,3,6.6,WSW,31,14:37:00,9.9,100,NA,N,7,1018.8,16.8,77,NA,W,20,1016.2,2019,9,03
2019-09-04,5.1,19,0.4,2.9,0,N,19,00:36:00,12.3,93,7,NE,7,1018.1,18.7,70,NA,NW,7,1014.9,2019,9,04
2019-09-05,10.1,16.4,3.6,1,8.2,WSW,46,14:19:00,12.8,100,7,WNW,2,1013.3,15.3,65,NA,WSW,28,1011.2,2019,9,05
2019-09-06,7.1,12.1,7,4.8,4.4,W,78,11:54:00,8.8,99,8,W,35,1009.4,11,80,NA,WSW,41,1013.6,2019,9,06
2019-09-07,6.7,12.1,2.6,2.1,2.4,W,54,15:38:00,9.5,86,7,W,26,1021.5,11.6,69,NA,WSW,28,1020.7,2019,9,07
2019-09-08,7.9,14.7,0.6,2.9,6,W,74,12:21:00,10,90,8,WNW,26,1022.6,13.1,79,NA,WSW,31,1022,2019,9,08
2019-09-09,2.9,14.9,1.2,3.6,9.8,WSW,26,16:48:00,9.5,80,6,SSW,13,1029.7,14.6,66,NA,WSW,13,1028.3,2019,9,09
2019-09-10,0.5,17.3,0,2,10.1,ENE,24,08:52:00,9.3,79,0,ENE,17,1030.8,16.8,59,NA,NNE,2,1028,2019,9,10
2019-09-11,2.7,22.8,0,2,8.8,NW,30,14:04:00,14.2,59,0,NNE,11,1029.8,22.5,43,NA,NNW,13,1025.8,2019,9,11
2019-09-12,7.5,20.6,0.2,5.1,4.9,WNW,56,05:59:00,17.9,36,NA,W,28,1023.7,20.1,62,NA,WSW,15,1023.5,2019,9,12
2019-09-13,3.1,18,0.2,5.4,NA,WSW,33,14:24:00,12.5,94,1,WSW,9,1027.9,17.8,72,NA,WSW,20,1026.7,2019,9,13
2019-09-14,5,26.2,0,1.8,8.7,NW,26,14:05:00,13.1,91,1,ENE,15,1027.7,25.5,47,NA,NW,13,1023.5,2019,9,14
2019-09-15,11.7,27.6,0,4.4,6,NNW,50,13:32:00,21.9,47,3,SSE,2,1020.9,26,30,NA,WNW,28,1016.5,2019,9,15
2019-09-16,8.6,12.2,1.8,6.8,3.1,SSE,48,14:35:00,9.1,96,8,NA,Calm,1023.7,11.4,72,NA,SSE,24,1023.5,2019,9,16
2019-09-17,1.3,13.4,1.2,1.8,11.1,ENE,35,08:47:00,7.7,61,0,E,20,1028.8,12.9,43,NA,ESE,11,1026.3,2019,9,17
2019-09-18,1.3,19.5,0,3.7,10.7,NE,37,09:08:00,12.3,49,1,NNE,20,1025.9,19.2,29,NA,NNE,19,1021.6,2019,9,18
2019-09-19,11,26.7,0,7.4,4.7,NNE,56,12:33:00,15.9,35,8,NE,19,1014.3,25.7,19,NA,NNE,31,1009.3,2019,9,19
2019-09-20,11.7,19.2,0,7.4,0.3,WSW,54,16:01:00,15.6,70,8,NA,Calm,1014,16.8,58,NA,SW,24,1011.6,2019,9,20
2019-09-21,7.3,13.5,9.8,3.7,7.8,WSW,52,09:49:00,9.3,90,7,WNW,24,1016,11.7,64,NA,WSW,22,1019.1,2019,9,21
2019-09-22,4.6,13.6,0.2,2.3,8.4,WNW,54,16:14:00,10.6,80,7,NW,20,1025.4,12.9,65,NA,WNW,30,1023.5,2019,9,22
2019-09-23,6.3,14.3,11,4,7,SW,35,16:07:00,10.2,89,7,W,17,1030.4,12.6,60,NA,WSW,20,1029.3,2019,9,23
2019-09-24,4.5,15.2,0.2,1.7,4.8,SW,20,11:25:00,12,80,6,NE,2,1032.2,14.7,62,NA,WNW,13,1029.5,2019,9,24
2019-09-25,3.3,18.3,0,2.5,10.1,N,31,14:24:00,11.2,81,4,ENE,17,1031.2,16.8,55,NA,NE,13,1026.1,2019,9,25
2019-09-26,4.5,23.2,0,2.2,10.6,NW,30,13:08:00,16.9,54,1,NNE,9,1025.1,22.8,27,NA,W,17,1020.8,2019,9,26
2019-09-27,5.8,19.4,0,6,9.7,SE,39,20:38:00,16.9,45,1,WNW,17,1019.7,16.3,69,NA,W,24,1019.7,2019,9,27
2019-09-28,4.5,17.1,0,4.4,9.6,SE,35,00:14:00,9.7,66,3,ENE,20,1023.8,15.9,41,NA,NNE,7,1021.1,2019,9,28
2019-09-29,3.6,18.8,0,2,10.9,SSE,43,18:46:00,11.8,68,1,ESE,13,1025.2,18.5,47,NA,WSW,6,1023.4,2019,9,29
2019-09-30,7.6,19,0,6.2,11.3,ESE,35,03:47:00,13,70,1,E,19,1028.5,18.3,43,NA,E,13,1025.6,2019,9,30
2019-10-01,8.6,26.3,0,4.8,11.4,NE,35,12:08:00,17.9,37,0,NNE,22,1027,25.7,26,NA,NE,20,1022.5,2019,10,01
2019-10-02,10.8,29.3,0,7,11.2,WNW,59,12:38:00,23.3,26,1,WNW,15,1021.4,27.4,29,NA,WSW,28,1018,2019,10,02
2019-10-03,6.3,24.2,0,8,7.8,WSW,28,13:48:00,13.5,89,8,W,17,1023.2,23.3,43,NA,SSW,11,1020.3,2019,10,03
2019-10-04,10.2,30.1,0.2,6,6.9,NE,37,11:10:00,12.4,87,7,ENE,19,1023.4,29,33,NA,NNE,19,1015.4,2019,10,04
2019-10-05,12.4,34.9,0,4,3.7,NW,65,12:30:00,20.5,44,8,ENE,17,1014.6,33,13,NA,NW,22,1008.7,2019,10,05
2019-10-06,12.9,16.5,0,9.9,1.7,W,57,06:16:00,14.8,84,7,W,35,1013.2,15.8,75,NA,WSW,30,1015.5,2019,10,06
2019-10-07,10.4,16.4,1.2,1.6,4.8,WSW,50,20:18:00,10.8,96,8,WSW,17,1017.5,15.2,64,NA,W,28,1016.5,2019,10,07
2019-10-08,5,14.9,3.2,2.6,9.8,W,39,00:01:00,8.8,72,3,SW,24,1025.1,13.5,53,NA,SSW,19,1024.9,2019,10,08
2019-10-09,3.6,17.6,0,4,11.6,SE,43,22:36:00,9.2,64,1,E,11,1029.5,16.6,37,NA,E,13,1026.5,2019,10,09
2019-10-10,6,20.9,0,4,11.2,SE,39,23:19:00,11.1,77,1,E,17,1025.6,20.2,35,NA,E,7,1021.9,2019,10,10
2019-10-11,6.7,20.5,0,4,11.8,SE,37,22:57:00,11.6,69,NA,E,15,1020.2,18.9,38,NA,SSE,11,1016.2,2019,10,11
2019-10-12,7.8,24.4,0,5.4,12.2,SE,33,23:14:00,14.5,57,2,E,15,1015.8,23.1,25,NA,NE,13,1011.5,2019,10,12
2019-10-13,13.3,24.1,0,9.2,1,SW,46,15:23:00,20.3,27,7,NE,9,1011.7,18.7,63,NA,WSW,31,1013.2,2019,10,13
2019-10-14,11,19.1,0,2.4,9.4,WSW,37,12:30:00,14.6,74,6,W,19,1015.5,18.9,55,NA,WSW,20,1014.7,2019,10,14
2019-10-15,4.6,23.1,0,2.5,6.3,SW,28,15:20:00,12,78,4,NE,15,1016,21.3,32,NA,WSW,15,1013.7,2019,10,15
2019-10-16,8.4,17.4,1.2,7,6.5,WSW,57,19:32:00,12.2,94,8,WSW,15,1013.5,16.5,50,NA,W,28,1012.2,2019,10,16
2019-10-17,7.1,16.9,1,3.9,10.9,W,46,09:56:00,10.1,75,6,WSW,20,1018.3,15.9,41,NA,WSW,26,1018.3,2019,10,17
2019-10-18,0.1,21.3,0,5.2,11.6,WSW,61,13:58:00,13.3,54,5,WNW,22,1017.4,20.1,37,NA,W,39,1015.3,2019,10,18
2019-10-19,7.9,16.2,0,7.8,10.3,SW,52,14:23:00,11.4,62,7,WSW,28,1021.4,14.7,44,NA,WSW,28,1022.7,2019,10,19
2019-10-20,0.4,21.2,0,5.3,11.8,SE,35,19:05:00,10.8,71,7,NA,Calm,1029.4,19.9,38,NA,W,13,1027.2,2019,10,20
2019-10-21,4.9,26.7,0,4.8,9.1,N,52,10:26:00,14.4,61,1,NE,17,1028.9,25.5,21,NA,SSW,6,1025,2019,10,21
2019-10-22,5.6,30.4,0,5.4,12.5,ESE,28,22:24:00,20.9,34,2,NE,11,1024.9,29.4,15,NA,ENE,11,1020.9,2019,10,22
2019-10-23,9.3,33.2,0,8,12.7,NE,37,10:41:00,25.5,22,0,NE,11,1020.4,32.2,9,NA,NNW,9,1016.1,2019,10,23
2019-10-24,8.6,36.1,0,9.4,12.1,W,63,21:52:00,27.9,17,0,NE,7,1011.5,35.3,5,NA,NW,19,1006,2019,10,24
2019-10-25,11.7,18.9,0,13.5,10.8,WNW,74,12:40:00,15.2,56,6,W,35,1011.6,17.2,39,NA,W,50,1008.9,2019,10,25
2019-10-26,9,16.9,4.6,7.2,11.6,W,57,02:48:00,11.8,73,6,WSW,33,1013.8,15.8,43,NA,WSW,26,1016.4,2019,10,26
2019-10-27,4.6,18.5,0,6.8,4.3,W,31,11:01:00,11.3,75,6,WSW,11,1020.4,16.4,53,NA,SSW,17,1020.6,2019,10,27
2019-10-28,5.7,26.4,0,3.8,10.8,W,30,14:13:00,12.6,70,3,NE,17,1024,24.6,20,NA,W,13,1020.4,2019,10,28
2019-10-29,6.2,32.3,0,6.4,10.3,WNW,39,11:23:00,23.5,24,1,N,13,1018.9,31.4,10,NA,NNW,20,1016,2019,10,29
2019-10-30,10.9,35.4,0,11.4,11.1,WNW,35,13:23:00,27.3,18,4,NNE,2,1015.5,34.4,7,NA,WSW,9,1012.3,2019,10,30
2019-10-31,15.1,35,0,8.2,11.2,NNE,48,14:05:00,28.2,19,1,NNE,20,1011.7,34.8,11,NA,NNE,24,1006.8,2019,10,31
2019-11-01,19,32.3,0,14.8,6.1,SW,63,18:28:00,27.5,34,6,N,13,1007.3,28.4,35,NA,SW,20,1003.6,2019,11,01
2019-11-02,14.1,23.6,5.8,8.4,8.6,WSW,35,13:42:00,14.2,90,7,NE,6,1010.3,22,45,NA,SW,20,1007.8,2019,11,02
2019-11-03,10.7,19.4,0.2,5.6,10.1,WNW,48,14:03:00,14.9,76,7,W,20,1015,17.6,43,NA,W,30,1014.6,2019,11,03
2019-11-04,4.9,17.7,0.4,6.4,11,WSW,57,14:36:00,11.4,88,7,WSW,26,1019.6,16.5,45,NA,WSW,35,1020.5,2019,11,04
2019-11-05,1.4,23.4,0.2,8,11.7,WNW,48,15:32:00,12.2,68,4,WNW,6,1023,22.6,22,NA,W,28,1017.7,2019,11,05
2019-11-06,5.3,21.7,0,5.9,11.4,W,70,17:12:00,16.7,63,2,W,28,1012.5,19.8,34,NA,W,41,1009.6,2019,11,06
2019-11-07,10.6,19.3,0,11.6,5.1,W,65,14:48:00,11.6,86,8,WSW,33,1011.8,18.1,52,NA,W,35,1009.7,2019,11,07
2019-11-08,9.3,16.3,2.8,4.6,10.6,SW,69,09:15:00,11.5,64,4,SW,41,1011.9,14.4,39,NA,SW,33,1015.6,2019,11,08
2019-11-09,1.2,17.4,0.2,5.8,10.1,WSW,48,13:47:00,10.7,66,7,SSW,19,1023.3,16.5,40,NA,WSW,30,1021.3,2019,11,09
2019-11-10,4.1,24.8,0,7.2,11.7,WSW,33,14:34:00,13.3,62,2,WSW,15,1021.2,22.7,25,NA,W,17,1017.3,2019,11,10
2019-11-11,5.6,32.8,0,7.5,10.8,WNW,56,14:54:00,24.8,19,1,NW,20,1011.6,31.6,8,NA,NW,31,1007.3,2019,11,11
2019-11-12,10.4,17.4,0,16,8,W,57,12:36:00,12.4,53,7,SW,24,1016.5,15.6,35,NA,WSW,30,1017.8,2019,11,12
2019-11-13,3.8,19.5,0,7.4,10.3,WSW,44,13:26:00,13.9,58,6,WSW,20,1022.4,18.3,33,NA,WSW,24,1021.3,2019,11,13
2019-11-14,10.9,21,0,7.4,8.7,W,50,15:32:00,13.1,67,8,WSW,19,1020.5,20.8,41,NA,W,26,1017.2,2019,11,14
2019-11-15,9.9,18.9,0,6.5,8.8,SW,48,09:45:00,13.5,62,6,WSW,26,1016.4,17.8,48,NA,SW,28,1016.3,2019,11,15
2019-11-16,3.5,21.9,0,8,12.2,SSE,37,19:28:00,13.1,54,3,SE,7,1020.8,20.8,31,NA,SW,20,1019.2,2019,11,16
2019-11-17,1.9,24.3,0,6.3,12.3,NNE,28,12:13:00,13,59,2,SE,15,1023.6,22.4,27,NA,SW,9,1020.8,2019,11,17
2019-11-18,4.2,33.5,0,6.4,12.9,W,54,13:33:00,21.5,31,1,NNE,9,1018.2,32.6,9,NA,W,26,1014.1,2019,11,18
2019-11-19,8.3,35.5,0,12.1,12,WSW,28,13:26:00,21.7,39,NA,S,4,1014,32.2,20,NA,WSW,13,1012.1,2019,11,19
2019-11-20,19.1,42.1,0,12,12.4,NNW,57,12:51:00,35.5,9,1,N,20,1008.7,41.4,6,NA,NNW,28,1004.5,2019,11,20
2019-11-21,15.9,22.6,0,20.8,5.8,W,63,05:14:00,16.4,78,8,W,31,1007.8,21.6,45,NA,WSW,24,1010.7,2019,11,21
2019-11-22,3.1,22.6,0,5.8,12.4,WSW,44,13:02:00,14.3,60,2,SW,11,1019.1,21.2,25,NA,WSW,24,1016.9,2019,11,22
2019-11-23,3.6,23,0,8.8,12,W,41,15:27:00,15.3,62,3,WSW,11,1021.3,22.4,34,NA,WSW,19,1018.9,2019,11,23
2019-11-24,5.5,28.4,0,6.6,13.3,WNW,41,13:02:00,16,56,0,NE,15,1018.1,27.6,10,NA,WNW,20,1013.1,2019,11,24
2019-11-25,9.5,29.8,0,11.8,4.7,W,54,11:59:00,25.9,12,7,N,11,1008.2,29.4,14,NA,WNW,20,1004.2,2019,11,25
2019-11-26,9.1,19.4,0,7.4,13,WNW,61,11:47:00,12.7,48,2,SSW,26,1015.9,18.2,37,NA,W,28,1017,2019,11,26
2019-11-27,2.3,26.9,0,8,12.8,SW,46,14:40:00,17.2,37,2,N,15,1017.9,25.8,13,NA,W,20,1014.3,2019,11,27
2019-11-28,5.2,29.9,0,7.8,12.8,SW,41,15:54:00,15.8,58,2,ENE,13,1016.5,28.7,14,NA,WNW,24,1012.1,2019,11,28
2019-11-29,6.2,22.3,0,12,4.7,WSW,52,13:30:00,15.9,63,6,E,7,1014.6,19.6,44,NA,WSW,26,1015.2,2019,11,29
2019-11-30,4.2,18.1,3.2,3.4,10.5,W,50,13:14:00,13.2,71,4,WSW,11,1018,17.2,36,NA,WSW,28,1015.8,2019,11,30
2019-12-01,9.4,16.8,1.6,5,2.5,W,65,14:17:00,11.5,96,8,WNW,28,1008.4,15.6,57,NA,W,39,1004.9,2019,12,01
2019-12-02,10.3,18.1,5.6,4.6,7.5,WSW,50,00:19:00,10.8,93,8,SW,24,1006.9,16.1,51,NA,WSW,28,1008.9,2019,12,02
2019-12-03,10.6,20.2,0,3.8,8.3,WNW,50,09:12:00,13.2,79,8,W,26,1013.8,19.8,49,NA,WSW,30,1013.5,2019,12,03
2019-12-04,11.2,25,0,6.4,12.8,WSW,44,14:01:00,15,63,1,WSW,22,1017.1,23.8,28,NA,W,28,1014.6,2019,12,04
2019-12-05,5.2,27.1,0,9,13,W,52,13:24:00,16.6,59,1,WSW,24,1013.4,25.8,22,NA,WSW,28,1012.1,2019,12,05
2019-12-06,11,24.2,0,11.6,12.4,W,35,15:31:00,14.6,68,1,SSW,13,1015.8,23.8,34,NA,WSW,17,1014.6,2019,12,06
2019-12-07,5.6,29.7,0,7.4,13.3,E,30,06:41:00,13.5,64,2,ENE,19,1018,27,16,NA,SW,4,1015.1,2019,12,07
2019-12-08,13.5,38.4,0,9.4,13.5,NNE,44,16:19:00,23.3,28,2,NE,20,1014.7,36.8,9,NA,N,17,1011.9,2019,12,08
2019-12-09,17.9,29.4,0,14.6,2.5,WSW,41,14:55:00,21.5,54,7,WSW,19,1014.9,24.5,43,NA,WSW,22,1016.2,2019,12,09
2019-12-10,10.5,27.7,0,7.2,12.9,SE,37,17:36:00,16,66,1,ESE,13,1020,26.4,29,NA,WSW,9,1017.5,2019,12,10
2019-12-11,9.3,27.2,0,8,13.9,SE,33,15:48:00,16.8,52,1,SSE,17,1018.8,25.8,24,NA,SSE,11,1017.3,2019,12,11
2019-12-12,10.5,26.1,0,8,12.4,W,41,15:49:00,16.8,55,3,SW,11,1021.3,24.8,26,NA,SSW,13,1019.4,2019,12,12
2019-12-13,4,23.2,0,10.5,13.5,WNW,33,16:43:00,15.2,58,4,SW,11,1021.9,22.1,37,NA,WSW,19,1019,2019,12,13
2019-12-14,7,26,0,7,10.6,WSW,35,14:18:00,14,78,6,SW,13,1018.6,24.9,26,NA,WSW,20,1015.7,2019,12,14
2019-12-15,6.3,30.9,0,9.3,13.4,WSW,43,14:04:00,20.1,46,2,SW,6,1012.4,29.5,17,NA,WSW,28,1011.5,2019,12,15
2019-12-16,10.2,37.3,0,11.2,13.3,SE,33,21:33:00,25.6,13,0,ENE,13,1014.8,36.1,7,NA,WSW,13,1012.9,2019,12,16
2019-12-17,20.1,40.5,0,13.8,12.8,SE,33,23:12:00,29.4,20,4,ENE,17,1016.5,39.8,8,NA,ENE,11,1013.6,2019,12,17
2019-12-18,20.8,43.2,0,14,13.6,SSW,39,14:11:00,34.7,10,1,NNE,22,1014.4,42,7,NA,WSW,17,1011.2,2019,12,18
2019-12-19,20.3,43.8,0,18.6,13.1,E,35,11:23:00,34.1,16,1,E,17,1013.3,42,9,NA,ENE,11,1011,2019,12,19
2019-12-20,28.3,44.7,0,14.4,8.6,W,69,16:52:00,39.1,16,NA,N,22,1009.3,42.9,12,NA,N,22,1006.5,2019,12,20
2019-12-21,13.4,23.9,0.2,18,1.8,SSE,41,14:14:00,19.2,52,6,S,13,1019.2,20.6,47,NA,SSE,20,1020.2,2019,12,21
2019-12-22,11.2,26.7,0,5.8,6.3,SE,52,00:38:00,16.8,40,5,E,19,1020.6,25.9,13,NA,ESE,11,1018.3,2019,12,22
2019-12-23,16.1,35.2,0,10,7.5,WNW,41,13:13:00,25.6,22,6,ENE,11,1016.5,33.5,20,NA,WSW,20,1014.8,2019,12,23
2019-12-24,11.2,34.5,0,10,10.5,ESE,30,09:49:00,25.2,27,2,E,9,1016.1,33.2,11,NA,WSW,4,1014.1,2019,12,24
2019-12-25,15.9,36.4,0,8,13.3,WSW,39,14:56:00,27.8,20,0,ESE,13,1016.8,36,18,NA,SSW,19,1014.2,2019,12,25
2019-12-26,15.6,34.7,0,14.4,13.3,SE,39,17:03:00,24.5,28,2,ESE,17,1018.3,33.4,18,NA,ENE,13,1016.1,2019,12,26
2019-12-27,21.5,41.4,0,16,11.1,NE,46,12:26:00,28,20,2,ENE,19,1014.4,38.9,11,NA,WNW,19,1009.9,2019,12,27
2019-12-28,24.8,40.6,0,16,11.6,S,35,01:04:00,27.9,25,6,NE,7,1012.8,39.4,14,NA,WSW,13,1010.4,2019,12,28
2019-12-29,17.6,40.4,0,13.8,12.6,SW,33,14:03:00,31.6,25,0,NNE,7,1013.2,39.6,14,NA,W,22,1010.8,2019,12,29
2019-12-30,22.1,42.6,0,14.5,6.2,WNW,74,14:37:00,32.5,23,6,N,13,1007.1,42.3,11,NA,WNW,30,1000.8,2019,12,30
2019-12-31,8.5,25.7,0,14.3,13.1,WNW,46,13:04:00,17.1,50,2,SW,20,1014.7,24.3,32,NA,W,22,1013,2019,12,31
2020-01-01,5.5,28.2,0,9.4,12.8,SW,35,15:28:00,17.8,46,0,S,4,1018.1,27.7,24,NA,WSW,17,1016.2,2020,1,01
2020-01-02,13.2,33.6,0,9.4,NA,ESE,31,20:58:00,18.9,53,1,E,19,1019,31.9,13,NA,NNE,9,1015.5,2020,1,02
2020-01-03,17.3,40.9,0,NA,NA,NNE,44,11:42:00,28.7,18,NA,NE,22,1010.6,39.9,6,NA,NW,15,1004.7,2020,1,03
2020-01-04,18.6,26.8,0,26.2,6.1,WSW,46,07:29:00,19.7,73,7,WSW,22,1013.3,23.4,41,NA,SSE,28,1013.2,2020,1,04
2020-01-05,10.8,15.2,0.4,9.2,NA,SSE,44,05:23:00,11,84,8,SE,15,1022.8,12.1,78,NA,ESE,15,1020.4,2020,1,05
2020-01-06,10.9,28,4.2,1.8,9.6,SE,39,18:40:00,15.2,73,7,E,11,1018.8,26.5,34,NA,SSE,11,1014.9,2020,1,06
2020-01-07,14.5,31.9,0,9.2,12.7,SSE,44,18:16:00,21.8,51,0,E,13,1015.9,29.8,25,NA,NNE,11,1013.2,2020,1,07
2020-01-08,18.2,34.5,0,12,13,SE,43,00:08:00,23.9,33,0,E,17,1016.2,32.5,11,NA,ESE,11,1013.4,2020,1,08
2020-01-09,21.4,40,0,13.6,10.1,NNE,41,15:58:00,25.8,28,0,NE,19,1012.7,38.2,12,NA,NE,19,1007.9,2020,1,09
2020-01-10,21.8,23.8,0,10.8,0.7,WSW,46,13:08:00,23.3,68,NA,WSW,24,1008.9,15.9,90,NA,SW,22,1013.8,2020,1,10
2020-01-11,6.9,25,0.2,4.4,10.8,SW,43,06:41:00,15.3,65,7,SSW,13,1020.8,24.6,28,NA,S,17,1019.3,2020,1,11
2020-01-12,10.8,28.9,0,9.2,13,ESE,39,05:20:00,15.3,62,0,ESE,22,1020.2,26.7,24,NA,E,17,1016.1,2020,1,12
2020-01-13,11.3,34.9,0,9,12.9,W,33,16:14:00,24.8,32,0,ENE,13,1013.2,33.7,12,NA,SSW,17,1010.2,2020,1,13
2020-01-14,19.5,36.4,0,12,13,SE,37,00:07:00,27.4,29,NA,E,7,1012.6,35.6,14,NA,SW,22,1009.5,2020,1,14
2020-01-15,12.7,29.3,0,13.8,12.3,W,44,15:32:00,21,56,3,WSW,9,1010.8,27.7,32,NA,WSW,24,1009.4,2020,1,15
2020-01-16,13,23.5,0,9,10.8,SSE,43,12:13:00,15.4,70,8,SSE,28,1014.8,21.9,35,NA,SSE,22,1012.3,2020,1,16
2020-01-17,9.7,23.9,0,11.8,13.3,SE,57,01:12:00,13.8,53,0,SE,20,1014.4,22.1,24,NA,SE,17,1011.3,2020,1,17
2020-01-18,7.5,29.1,0,7.4,8.6,WSW,39,15:43:00,16.1,75,7,ESE,11,1010.1,26.6,24,NA,NW,11,1006.5,2020,1,18
2020-01-19,10.6,21.5,0,7.2,3.7,SW,41,18:55:00,17.4,65,7,SW,13,1008.1,19.5,50,NA,SW,20,1007,2020,1,19
2020-01-20,14.1,21.5,2.4,4.8,6.7,SSW,39,11:36:00,15.3,85,7,SW,15,1008.8,19.8,63,NA,SW,24,1009.8,2020,1,20
2020-01-21,13.9,28.1,0,6.2,11.3,WNW,41,15:57:00,16.6,63,2,NE,11,1011.5,26.5,26,NA,W,20,1007.2,2020,1,21
2020-01-22,16.6,29.1,0,10.8,6.5,NW,59,09:22:00,26.4,24,7,NNW,20,1000.3,23.9,42,NA,SW,31,999.5,2020,1,22
2020-01-23,13.2,19.6,0,11.5,4.6,W,74,07:03:00,13.9,93,8,W,31,1000.2,17.5,49,NA,SW,28,1005.1,2020,1,23
2020-01-24,6.3,22.9,0.4,3.8,6.6,W,41,14:59:00,15.9,65,6,WSW,17,1013.9,20.6,55,NA,WSW,20,1014.2,2020,1,24
2020-01-25,8,27,0,4.6,13,WSW,37,12:08:00,17.7,71,2,WNW,6,1015.7,25.4,38,NA,SSW,20,1014,2020,1,25
2020-01-26,10.6,30,0,8.6,10.7,SW,35,14:43:00,18.3,79,7,WNW,9,1016.2,28.6,36,NA,W,19,1013.8,2020,1,26
2020-01-27,11.8,30.3,0,8.6,12.4,W,35,13:52:00,18.8,72,2,NNE,7,1015.9,29,29,NA,WSW,20,1013.8,2020,1,27
2020-01-28,10.5,33.8,0,6.4,11.1,SE,30,18:15:00,20,56,1,NNE,7,1016.4,32.1,16,NA,WNW,7,1014.5,2020,1,28
2020-01-29,13,37.8,0,12,13,NE,37,14:26:00,24,34,1,ENE,15,1016.7,36.9,9,NA,NE,11,1013.3,2020,1,29
2020-01-30,12.9,43.5,0,11.8,12.3,WNW,41,15:39:00,32,10,NA,NE,13,1010.6,42,7,NA,NW,17,1005.8,2020,1,30
2020-01-31,28.5,37.2,0,15.4,4.4,N,78,13:37:00,31.8,51,6,NW,15,1006.9,30.5,56,NA,N,22,1004.7,2020,1,31
2020-02-01,22.1,23,21.4,8,0,WSW,31,15:46:00,22.6,98,8,W,9,1009.8,19,99,NA,W,11,1011.5,2020,2,01
2020-02-02,13.2,22.7,2,2.4,8.4,WSW,37,10:25:00,16.1,77,7,WSW,15,1015.5,20.9,55,NA,WSW,20,1014.6,2020,2,02
2020-02-03,12.7,20.8,0,5.8,4.7,SE,44,15:38:00,16.1,68,6,SSW,15,1016.6,20.3,48,NA,S,17,1016.9,2020,2,03
2020-02-04,9.4,23.6,0,4,12.8,SE,39,00:14:00,13.9,53,0,E,13,1021,21.8,29,NA,ESE,17,1018.1,2020,2,04
2020-02-05,11.6,26.8,0,9.7,13,SE,41,01:44:00,15.8,58,0,ESE,15,1019.1,25.1,26,NA,ESE,13,1016.2,2020,2,05
2020-02-06,11.8,31,0,8,12.1,SE,44,20:57:00,20.3,51,0,ESE,9,1017,29.4,22,NA,ESE,17,1014.9,2020,2,06
2020-02-07,18,28.4,0,10.4,6.4,SE,48,17:46:00,21.6,62,5,E,17,1018.1,25,49,NA,SE,19,1017.4,2020,2,07
2020-02-08,18.3,31.2,2.2,6.6,11.7,SE,39,14:27:00,22.6,65,0,ESE,15,1018,30.8,32,NA,ESE,20,1015,2020,2,08
2020-02-09,19.4,28.6,0,10.1,9.6,ENE,48,09:25:00,22.2,59,2,E,22,1015,27.2,43,NA,ENE,22,1011.9,2020,2,09
2020-02-10,16.4,31.4,0,6.8,12.7,WSW,56,14:27:00,22.2,66,0,WSW,9,1009.2,30.1,32,NA,WSW,30,1007.8,2020,2,10
2020-02-11,10.7,30,0,11,12,WSW,44,14:43:00,19.9,63,0,SW,6,1011.9,29.1,42,NA,W,26,1011.2,2020,2,11
2020-02-12,15.5,26.3,0,9.9,8,SSE,33,00:21:00,17.2,82,8,SSE,17,1014.8,24.8,55,NA,SE,19,1012.6,2020,2,12
2020-02-13,15.6,34,0,3.8,11.1,E,43,13:44:00,21.7,76,1,SE,9,1010.9,33.3,35,NA,NE,6,1007.7,2020,2,13
2020-02-14,17.9,23.8,0,9.4,1.6,WSW,43,13:54:00,18.4,94,NA,WSW,19,1009.3,23.4,64,NA,WSW,28,1008.6,2020,2,14
2020-02-15,16.1,21.8,0,4.8,3.2,SSE,35,09:48:00,18,76,7,SSE,15,1013.8,20.6,67,NA,S,19,1013,2020,2,15
2020-02-16,14.3,26.6,0,5,8.7,W,28,16:20:00,16.4,77,7,WSW,4,1014.6,24.5,35,NA,WSW,11,1012.3,2020,2,16
2020-02-17,8.5,32.7,0,6.2,11.7,W,31,12:42:00,17.6,67,0,N,6,1012.7,31.3,17,NA,W,17,1010.7,2020,2,17
2020-02-18,14.4,23,0,9.8,9.9,SW,61,12:00:00,17.4,81,7,WSW,26,1012,21.5,44,NA,SW,31,1013,2020,2,18
2020-02-19,10.2,22.7,0,8,8.7,SSW,35,01:10:00,14.7,69,7,SW,11,1017,21.6,36,NA,SSW,13,1015.6,2020,2,19
2020-02-20,10.4,23.3,0,7.4,10.7,SE,39,04:39:00,14,63,6,ESE,17,1017.8,21.1,38,NA,ESE,19,1016.1,2020,2,20
2020-02-21,10.5,24.1,0,7,12.4,ESE,39,03:14:00,14.6,60,1,SE,19,1020.5,22,33,NA,SSE,20,1018.8,2020,2,21
2020-02-22,11.7,27.1,0,6.8,12.4,SE,41,23:31:00,16.1,56,0,E,17,1021.9,25.7,27,NA,ENE,11,1019.3,2020,2,22
2020-02-23,8.5,32.7,0,7.4,12.1,SW,37,16:05:00,21.2,41,1,ENE,13,1018,31.2,13,NA,W,15,1015.4,2020,2,23
2020-02-24,16.8,34.8,0,12,9.9,SW,43,15:02:00,23,37,6,NE,2,1016.4,33.7,17,NA,NW,9,1013.8,2020,2,24
2020-02-25,10.9,28.4,0,10.1,11.8,SW,41,12:57:00,19.5,75,1,WNW,2,1013.3,27.7,32,NA,WSW,20,1012.1,2020,2,25
2020-02-26,14.7,22.5,0,8,8.8,SW,39,07:33:00,17.9,62,3,SW,26,1013.6,20.7,56,NA,SSW,11,1013.4,2020,2,26
2020-02-27,3.7,20.8,0,6.8,8.6,WSW,48,11:33:00,11.9,71,7,NA,Calm,1016.5,20.6,39,NA,WSW,20,1014.7,2020,2,27
2020-02-28,11.9,25.9,0,4.8,9.3,W,39,16:05:00,16,76,7,SSW,11,1018.1,24.2,39,NA,NE,9,1015.3,2020,2,28
2020-02-29,10.3,29.4,0,7.2,11.2,WNW,37,12:57:00,16.2,73,2,ENE,13,1016.6,27.8,27,NA,W,17,1012.4,2020,2,29
2020-03-01,13.1,32.6,0,7.4,6.7,W,61,14:38:00,23.5,37,5,NNE,6,1008.4,30.8,24,NA,W,35,1006.6,2020,3,01
2020-03-02,12.3,21.8,0.8,11.5,9.5,SE,67,03:31:00,13,74,6,SE,28,1016.3,20.9,34,NA,SE,17,1016.8,2020,3,02
2020-03-03,10.4,22.1,0,8,2,SE,54,00:53:00,11.4,66,7,SE,31,1018.1,19.7,37,NA,ESE,17,1016.7,2020,3,03
2020-03-04,11.3,20.9,1.6,4.8,0.1,SE,31,18:25:00,15.8,73,8,ESE,7,1013.1,17.9,59,NA,ESE,13,1010,2020,3,04
2020-03-05,7.5,19.5,0.2,3.2,0.2,WSW,44,21:16:00,13.6,90,8,WSW,4,1009.3,19.5,59,NA,WSW,17,1009,2020,3,05
2020-03-06,9.4,23.6,0,2.6,5.2,SSE,39,22:57:00,14.8,79,7,SW,13,1017.3,21.2,51,NA,WSW,19,1017.7,2020,3,06
2020-03-07,11.4,23.9,0,4,11.2,SE,44,23:42:00,14.6,69,2,ESE,15,1023.2,22.8,36,NA,SE,13,1021.1,2020,3,07
2020-03-08,11.1,25.3,0,7.4,12.5,SE,35,01:36:00,14.1,66,1,ESE,17,1021.4,23.5,28,NA,ESE,15,1018,2020,3,08
2020-03-09,12.3,25,0,6.6,8.3,SE,35,01:50:00,15,59,1,SE,24,1020.6,23.9,21,NA,SE,17,1018.2,2020,3,09
2020-03-10,13.3,29.7,0,10,11.5,SE,31,04:17:00,17.8,54,1,E,13,1018,28.5,26,NA,NE,7,1014.9,2020,3,10
2020-03-11,14.7,34.2,0,6.7,10.1,NNW,39,11:32:00,24.2,43,1,ENE,9,1016.2,32.4,20,NA,WNW,11,1014.1,2020,3,11
2020-03-12,19.3,33.1,0,10.6,4.9,NW,41,11:21:00,26.2,33,6,N,11,1016.6,32.6,23,NA,NNW,9,1014.1,2020,3,12
2020-03-13,16.9,24.7,0,4.4,6.3,S,46,15:49:00,18.5,79,8,WSW,15,1016.4,19.9,63,NA,S,26,1018.3,2020,3,13
2020-03-14,8.2,21.1,0,7.6,11,SE,50,08:43:00,11.8,55,1,SE,22,1024.9,19.6,28,NA,SSE,28,1022,2020,3,14
2020-03-15,9.3,23,0,7.6,11,ESE,44,00:01:00,12.1,62,3,ESE,20,1024.2,20.9,32,NA,SE,22,1021.9,2020,3,15
2020-03-16,9.4,27.1,0,6.4,10.7,NE,35,11:23:00,15.4,55,NA,ENE,20,1023.4,25.6,24,NA,NNE,13,1021.2,2020,3,16
2020-03-17,12.8,33.4,0,8,10.4,N,39,09:01:00,24,29,2,NNE,19,1021.7,32.3,14,NA,NW,13,1019.1,2020,3,17
2020-03-18,14.4,35.3,0,9.7,7.8,WNW,37,10:52:00,25.7,28,2,NNE,6,1021.2,33.8,15,NA,W,15,1019.2,2020,3,18
2020-03-19,17.2,33.6,0,9.7,8.3,WNW,63,11:23:00,28.6,23,3,NNW,13,1018.2,24.7,51,NA,WSW,30,1017.8,2020,3,19
2020-03-20,13.4,23.3,0,9.9,9.8,WSW,43,09:58:00,15.8,82,6,W,20,1021.2,22.5,47,NA,W,20,1020.4,2020,3,20
2020-03-21,10.4,26,0,6,10.5,WSW,33,15:37:00,13.3,74,3,ESE,13,1023.9,24.4,31,NA,WNW,13,1021.1,2020,3,21
2020-03-22,8.4,20.4,0,6.6,4.3,SE,48,21:47:00,13.7,81,7,NA,Calm,1026.6,19.6,50,NA,SE,22,1025.6,2020,3,22
2020-03-23,9.5,21,0,4,8,SE,48,23:47:00,11.4,57,3,E,19,1028.3,19.7,23,NA,E,13,1024.9,2020,3,23
2020-03-24,11.4,16.2,0,7.6,0.4,ESE,28,03:46:00,13.7,57,8,E,11,1023,15.1,67,NA,E,11,1021.3,2020,3,24
2020-03-25,9.6,20.6,0,1.3,10.4,SE,43,08:25:00,12.6,62,1,SE,22,1024.4,19.3,33,NA,SSE,20,1023.5,2020,3,25
2020-03-26,9.1,23,0,5,11,SE,28,23:24:00,12.4,63,1,E,13,1026.6,21.5,28,NA,SSE,17,1022.9,2020,3,26
2020-03-27,5.2,27.6,0,7.1,9.7,ENE,22,09:56:00,14.7,59,6,NA,Calm,1022.6,27.1,15,NA,N,11,1019.5,2020,3,27
2020-03-28,5.4,31.3,0,3.4,11.2,NNE,43,12:16:00,18.3,34,3,NA,Calm,1017.3,30.7,16,NA,N,19,1012.8,2020,3,28
2020-03-29,10.9,25,0,7.4,1.5,NW,44,10:30:00,19.8,35,8,W,13,1011.7,22,59,NA,WSW,20,1010.2,2020,3,29
2020-03-30,5.9,21.5,0.2,5.7,9.6,W,39,14:18:00,12.9,80,6,NNE,2,1016.1,20.2,38,NA,W,20,1015.4,2020,3,30
2020-03-31,4.8,25.2,0,3.6,10,SE,33,21:24:00,12,85,1,NA,Calm,1018.8,24,33,NA,E,9,1015.3,2020,3,31
2020-04-01,12,17,0,6.8,0.4,NE,37,09:03:00,16.4,55,7,NE,19,1014.5,14.9,92,NA,ENE,13,1012.8,2020,4,01
2020-04-02,10.3,25.2,5.8,1.6,8.3,WNW,28,14:11:00,12.6,94,8,ENE,7,1012.7,24.2,37,NA,NNW,13,1008.2,2020,4,02
2020-04-03,11.2,26.3,0.2,3.5,8.7,WSW,67,16:15:00,15,80,3,NE,6,1004.1,25.5,24,NA,WNW,30,999.6,2020,4,03
2020-04-04,10.1,16.4,12.6,8.8,7.4,WSW,63,11:11:00,11,85,6,WSW,26,1008.6,15.3,60,NA,WSW,41,1010,2020,4,04
2020-04-05,10.8,18.2,1.4,2.8,6.4,W,57,12:26:00,12.8,92,7,WNW,24,1016.9,16.9,68,NA,W,31,1015.6,2020,4,05
2020-04-06,9.6,18.2,3.8,3.6,3.8,WSW,26,00:42:00,13.4,98,6,SSW,6,1023,17.6,64,NA,WSW,15,1021.5,2020,4,06
2020-04-07,11.9,20.5,0.2,2.4,3.2,SE,33,21:31:00,14.6,72,7,NE,7,1023.8,19.1,56,NA,WSW,11,1020.8,2020,4,07
2020-04-08,9.2,19,0,3.3,8.9,SSE,35,10:25:00,12.7,70,6,ESE,17,1025.3,18.6,44,NA,SE,15,1022.7,2020,4,08
2020-04-09,8.4,22.4,0,3,9.2,ENE,33,12:58:00,15.1,70,1,ESE,9,1025.2,21.7,39,NA,SSE,9,1021.1,2020,4,09
2020-04-10,5.9,23.4,0,3,6.7,W,48,15:34:00,14.9,73,3,WSW,17,1019.5,22.2,30,NA,W,31,1014.4,2020,4,10
2020-04-11,13.1,19.3,0,5.6,7.6,WNW,43,00:14:00,14.8,70,6,WSW,17,1016.7,18.8,46,NA,WSW,20,1016.8,2020,4,11
2020-04-12,3.4,18.5,0,6,6.6,ESE,30,08:44:00,11.5,61,7,E,13,1023,17.7,37,NA,ENE,4,1019.8,2020,4,12
2020-04-13,4.7,24.7,0,3.4,9.6,SW,28,15:38:00,15.2,54,0,NE,9,1020.7,23.9,18,NA,W,19,1018.5,2020,4,13
2020-04-14,7.1,29.7,0,5,10.7,NE,24,16:34:00,20.6,29,1,NNE,7,1022.3,28.3,13,NA,SW,9,1019.8,2020,4,14
2020-04-15,7.5,29,0,4,6.8,NW,41,15:28:00,21.3,27,7,NNE,4,1018.2,28.2,13,NA,NW,20,1013.5,2020,4,15
2020-04-16,10.6,19.9,0,7.6,8,W,48,13:01:00,16.3,78,6,WSW,17,1015.6,18.1,53,NA,WSW,26,1015.4,2020,4,16
2020-04-17,10.3,17.5,0,4,4.1,WSW,33,03:10:00,13.4,83,7,SW,9,1020.3,16.1,52,NA,WSW,15,1018.7,2020,4,17
2020-04-18,9.2,18.8,0.8,2.4,5.4,WSW,30,15:27:00,12.3,94,7,NA,Calm,1018.9,18.4,56,NA,WSW,17,1015.4,2020,4,18
2020-04-19,10.5,22.4,0.4,2.9,4.5,NW,56,23:53:00,13.8,83,7,NNE,7,1015.4,20.4,40,NA,NW,19,1010.1,2020,4,19
2020-04-20,13.5,18.8,0,5.2,0.8,NW,65,00:48:00,16.1,73,8,WSW,24,1013.2,17.1,53,NA,WSW,19,1014.9,2020,4,20
2020-04-21,5.4,24.1,0,3.4,7.5,WNW,56,15:08:00,15.7,61,1,N,9,1018.1,22.4,38,NA,W,31,1015.5,2020,4,21
2020-04-22,7.7,24,0,4.2,7.7,W,43,15:28:00,13.2,100,NA,NE,7,1022.6,22.9,38,NA,W,22,1018.6,2020,4,22
2020-04-23,9.7,21,0.2,5.8,0,W,57,10:00:00,18.7,51,7,NA,Calm,1017.3,16.3,91,NA,NA,Calm,1016.1,2020,4,23
2020-04-24,13.7,20,10.2,1.4,6.2,W,28,00:17:00,15,89,7,WSW,15,1021.4,19.2,65,NA,WSW,13,1020.1,2020,4,24
2020-04-25,9.2,25.6,0.2,1.2,4.9,WNW,56,15:25:00,16.6,81,5,NE,6,1017.9,24.9,46,NA,NNW,20,1013.3,2020,4,25
2020-04-26,14.2,18.8,21.4,2.2,7.1,SW,35,00:02:00,15.9,99,7,W,17,1019.6,17.1,69,NA,WSW,24,1019.8,2020,4,26
2020-04-27,5.6,17.8,0.6,2.2,9.2,ENE,24,11:18:00,12.8,80,1,ENE,13,1025.1,17.4,64,NA,N,11,1021.5,2020,4,27
2020-04-28,10.4,17.4,0,3.4,0.1,NNW,35,23:50:00,14.9,73,8,NNE,19,1015.7,17,80,NA,N,11,1011.5,2020,4,28
2020-04-29,10.9,14.1,8.6,1.2,2.7,WSW,56,04:44:00,11.9,97,7,NW,20,1007.9,9.9,97,NA,W,28,1007.2,2020,4,29
2020-04-30,6.4,12.6,20.2,2.3,2,SW,61,12:58:00,8.1,96,6,SW,11,1015.5,11.6,70,NA,SW,33,1015.6,2020,4,30
2020-05-01,7.3,14.8,6,1,2.8,WSW,69,11:12:00,10.8,100,8,W,24,1015.3,12.9,83,NA,WSW,35,1014.4,2020,5,01
2020-05-02,10.6,15.9,10.4,3.2,0,SW,67,09:59:00,13.2,93,6,WSW,26,1016.8,15.5,78,NA,WSW,24,1017.6,2020,5,02
2020-05-03,5.4,14,0.8,2.6,0.1,WSW,24,13:28:00,9.6,79,7,NA,Calm,1028,13.4,71,NA,WSW,11,1026.3,2020,5,03
2020-05-04,4,15.8,0,0.6,NA,NE,24,11:27:00,11.3,80,3,NE,6,1030.3,15.6,59,NA,ENE,9,1028,2020,5,04
2020-05-05,4.2,18.5,0,2,NA,N,26,10:30:00,12.4,71,1,NNE,13,1028.6,17.5,58,NA,NE,11,1024.9,2020,5,05
2020-05-06,4.1,20,0.2,3.2,NA,NNW,30,13:17:00,11.3,84,7,ESE,2,1023,19.7,35,NA,N,17,1018.1,2020,5,06
2020-05-07,11.3,19.7,0,4,NA,NW,61,10:30:00,16.7,46,6,WNW,28,1012,18.8,49,NA,W,35,1011.1,2020,5,07
2020-05-08,11.8,17.2,0,5.6,2.5,WNW,41,15:24:00,13.1,92,7,NW,19,1015.3,16.3,69,NA,NW,24,1011.7,2020,5,08
2020-05-09,7.3,12.7,7.2,3.4,7.2,WSW,67,04:15:00,8.4,90,6,WSW,28,1015.7,12.2,72,NA,W,24,1018.7,2020,5,09
2020-05-10,5.3,14.2,3.2,2.4,5.4,WSW,28,13:09:00,8.4,100,7,NA,Calm,1028.1,12.7,76,NA,WSW,13,1027.3,2020,5,10
2020-05-11,1.8,17.2,0.2,NA,9,NW,26,13:06:00,9.2,95,4,NA,Calm,1030.1,16,57,NA,NW,11,1026.7,2020,5,11
2020-05-12,4.5,17.4,0,1.8,7.9,NW,44,13:28:00,9.9,78,5,NE,9,1024.5,17,48,NA,WNW,28,1020.9,2020,5,12
2020-05-13,4.1,12.9,3.4,3.7,5.1,S,33,15:52:00,10.8,91,2,NA,Calm,1028,11.1,77,NA,SE,15,1027.1,2020,5,13
2020-05-14,6.6,13.9,0,2.7,8.3,E,20,12:07:00,10.8,58,2,SE,7,1031.1,13,55,NA,ESE,11,1029.2,2020,5,14
2020-05-15,0.7,14.2,0,1,9.3,NE,24,10:31:00,8.8,79,2,NA,Calm,1031,13.8,50,NA,ENE,9,1027.9,2020,5,15
2020-05-16,-0.5,17.6,0.2,2,9.7,N,20,10:49:00,9,75,0,NE,7,1029.6,17,44,NA,N,6,1027.2,2020,5,16
2020-05-17,1.3,18,0,1.8,9.6,NE,22,12:12:00,11.6,77,0,NA,Calm,1031,17.3,51,NA,NE,13,1028.1,2020,5,17
2020-05-18,4.7,20,0,2.5,9.1,N,33,12:25:00,14,70,3,NNE,11,1027.4,19.8,44,NA,NNE,19,1022.7,2020,5,18
2020-05-19,6.9,21.8,0,3.4,7.3,W,57,22:56:00,17.6,52,6,NA,Calm,1019.5,21.6,37,NA,WNW,22,1014,2020,5,19
2020-05-20,7.1,14.1,3.6,NA,5.8,WNW,59,13:30:00,10.2,79,4,WNW,30,1019.2,13.5,66,NA,WNW,33,1015.3,2020,5,20
2020-05-21,1.3,13.5,6.6,4,1.1,WSW,35,13:23:00,7.2,91,5,W,9,1023.8,11.7,65,NA,SW,22,1022.9,2020,5,21
2020-05-22,5.8,12,0.4,1,0,WNW,24,09:57:00,9,100,8,W,13,1024.5,11.7,100,NA,W,13,1020.6,2020,5,22
2020-05-23,9,14.5,3,0,4.5,SW,31,18:07:00,11.1,99,7,SW,11,1022.8,14,87,NA,SW,15,1020.9,2020,5,23
2020-05-24,8.9,11.9,0.8,1.7,0.4,SSE,30,22:42:00,10.2,87,7,S,11,1025.8,11.9,72,NA,S,15,1024.4,2020,5,24
2020-05-25,6.7,12.8,0,1.9,5.3,E,44,04:28:00,8,83,8,NNE,9,1025.3,12.4,68,NA,NNE,11,1022.9,2020,5,25
2020-05-26,5.2,16.3,0,2,3.6,NNW,35,12:04:00,9.8,76,4,NNE,15,1021.1,14.1,59,NA,NNE,17,1017.3,2020,5,26
2020-05-27,9.7,16.8,0,1,9.3,WNW,39,10:10:00,12.3,72,2,NW,19,1020.3,15.8,69,NA,W,20,1018.3,2020,5,27
2020-05-28,6.5,15.8,0,2.8,6.6,W,31,10:58:00,11.3,98,7,NW,9,1023.9,15.1,67,NA,WNW,13,1022.8,2020,5,28
2020-05-29,1,17.8,0,1.3,9.4,NW,37,11:22:00,8.9,90,0,NE,7,1026.5,17.6,47,NA,NNW,19,1023.4,2020,5,29
2020-05-30,3.5,19.4,0,1.8,5.5,N,63,09:56:00,13.8,55,0,N,20,1017.3,16.2,46,NA,NNW,24,1011.9,2020,5,30
2020-05-31,9.4,14.1,1.4,4,4.2,WNW,65,23:43:00,10.3,100,8,NW,20,1015.9,12.8,69,NA,WNW,28,1012.6,2020,5,31
2020-06-01,7,12.5,6.6,3.2,7.6,WSW,56,00:47:00,9.3,83,5,WSW,20,1017.1,11.8,70,NA,WSW,31,1019.3,2020,6,01
2020-06-02,8.2,14.4,1.4,1.9,2,WNW,41,11:05:00,10.4,100,8,WNW,20,1025.3,13.6,91,NA,W,22,1024.9,2020,6,02
2020-06-03,8.7,12.6,2,1.5,4.7,SSE,30,10:20:00,10.6,86,8,SE,17,1033,11.7,74,NA,ESE,13,1031.8,2020,6,03
2020-06-04,2.9,13.4,0,0.9,8.9,NE,26,11:17:00,7.7,91,NA,ENE,13,1034.4,13.3,70,NA,NE,9,1031.3,2020,6,04
2020-06-05,-0.8,14.4,0.2,1.2,9.8,WSW,19,15:05:00,5.7,98,NA,NA,Calm,1030.9,13.8,62,NA,W,9,1027.7,2020,6,05
2020-06-06,-0.2,12.7,0,2.1,1.2,WNW,19,13:36:00,5.4,100,7,NA,Calm,1026.7,11.1,72,NA,WSW,9,1024.4,2020,6,06
2020-06-07,0.5,10.8,0.2,0.7,3.4,SE,28,05:12:00,7.8,100,7,SSE,13,1028.4,9.1,74,NA,SSE,17,1027.2,2020,6,07
2020-06-08,-2.3,NA,0,NA,NA,NA,NA,NA,4.2,100,3,NNE,2,1032.4,11.3,65,NA,ENE,11,1030.7,2020,6,08
